subject,structural_ok,n_me_epochs,n_mi_epochs,n_usable_matched_pairs,n_unilateral_pairs,n_bilateral_pairs,movements_me,movements_mi,eligible_primary,eligible_min20,eligible_min40,eligible_strict,reason_codes,reason_detail,n_left_fist_me,n_left_fist_mi,n_right_fist_me,n_right_fist_mi,n_both_fists_me,n_both_fists_mi,n_both_feet_me,n_both_feet_mi,usable_pair_ids,e02_left_fist_n_me,e02_left_fist_n_mi,e02_left_fist_n_pairs,e02_left_fist_eligible,e02_left_fist_reasons,e02_right_fist_n_me,e02_right_fist_n_mi,e02_right_fist_n_pairs,e02_right_fist_eligible,e02_right_fist_reasons,e02_both_fists_n_me,e02_both_fists_n_mi,e02_both_fists_n_pairs,e02_both_fists_eligible,e02_both_fists_reasons,e02_both_feet_n_me,e02_both_feet_n_mi,e02_both_feet_n_pairs,e02_both_feet_eligible,e02_both_feet_reasons,e02_unilateral_n_me,e02_unilateral_n_mi,e02_unilateral_n_pairs,e02_unilateral_eligible,e02_unilateral_reasons,e02_bilateral_n_me,e02_bilateral_n_mi,e02_bilateral_n_pairs,e02_bilateral_eligible,e02_bilateral_reasons,strict_all_runs_valid,strict_reasons,expected_left_fist_me,frac_left_fist_me,expected_left_fist_mi,frac_left_fist_mi,expected_right_fist_me,frac_right_fist_me,expected_right_fist_mi,frac_right_fist_mi,expected_both_fists_me,frac_both_fists_me,expected_both_fists_mi,frac_both_fists_mi,expected_both_feet_me,frac_both_feet_me,expected_both_feet_mi,frac_both_feet_mi
1,True,90,90,6,3,3,both_feet|both_fists|left_fist|right_fist,both_feet|both_fists|left_fist|right_fist,True,True,True,True,ELIGIBLE,eligible under primary rule,23,23,22,22,23,21,22,24,03-04|05-06|07-08|09-10|11-12|13-14,23,23,3,True,ELIGIBLE,22,22,3,True,ELIGIBLE,23,21,3,True,ELIGIBLE,22,24,3,True,ELIGIBLE,45,45,3,True,ELIGIBLE,45,45,3,True,ELIGIBLE,True,ELIGIBLE,23.0,1.0,23.0,1.0,22.0,1.0,22.0,1.0,23.0,1.0,21.0,1.0,22.0,1.0,24.0,1.0
2,True,80,87,6,3,3,both_feet|both_fists|left_fist|right_fist,both_feet|both_fists|left_fist|right_fist,True,True,True,False,ELIGIBLE,eligible under primary rule,21,23,21,22,19,21,19,21,03-04|05-06|07-08|09-10|11-12|13-14,21,23,3,True,ELIGIBLE,21,22,3,True,ELIGIBLE,19,21,3,True,ELIGIBLE,19,21,3,True,ELIGIBLE,42,45,3,True,ELIGIBLE,38,42,3,True,ELIGIBLE,True,STRICT_CELL_EPOCHS|STRICT_CELL_FRACTION,23.0,0.9130434782608695,23.0,1.0,22.0,0.9545454545454546,22.0,1.0,21.0,0.9047619047619048,24.0,0.875,24.0,0.7916666666666666,21.0,1.0
3,True,88,86,6,3,3,both_feet|both_fists|left_fist|right_fist,both_feet|both_fists|left_fist|right_fist,True,True,True,True,ELIGIBLE,eligible under primary rule,21,23,23,21,21,20,23,22,03-04|05-06|07-08|09-10|11-12|13-14,21,23,3,True,ELIGIBLE,23,21,3,True,ELIGIBLE,21,20,3,True,ELIGIBLE,23,22,3,True,ELIGIBLE,44,44,3,True,ELIGIBLE,44,42,3,True,ELIGIBLE,True,ELIGIBLE,22.0,0.9545454545454546,23.0,1.0,23.0,1.0,22.0,0.9545454545454546,22.0,0.9545454545454546,21.0,0.9523809523809523,23.0,1.0,24.0,0.9166666666666666
4,True,90,90,6,3,3,both_feet|both_fists|left_fist|right_fist,both_feet|both_fists|left_fist|right_fist,True,True,True,True,ELIGIBLE,eligible under primary rule,22,23,23,22,22,22,23,23,03-04|05-06|07-08|09-10|11-12|13-14,22,23,3,True,ELIGIBLE,23,22,3,True,ELIGIBLE,22,22,3,True,ELIGIBLE,23,23,3,True,ELIGIBLE,45,45,3,True,ELIGIBLE,45,45,3,True,ELIGIBLE,True,ELIGIBLE,22.0,1.0,23.0,1.0,23.0,1.0,22.0,1.0,22.0,1.0,22.0,1.0,23.0,1.0,23.0,1.0
5,True,90,89,6,3,3,both_feet|both_fists|left_fist|right_fist,both_feet|both_fists|left_fist|right_fist,True,True,True,True,ELIGIBLE,eligible under primary rule,23,21,22,24,22,22,23,22,03-04|05-06|07-08|09-10|11-12|13-14,23,21,3,True,ELIGIBLE,22,24,3,True,ELIGIBLE,22,22,3,True,ELIGIBLE,23,22,3,True,ELIGIBLE,45,45,3,True,ELIGIBLE,45,44,3,True,ELIGIBLE,True,ELIGIBLE,23.0,1.0,21.0,1.0,22.0,1.0,24.0,1.0,22.0,1.0,23.0,0.9565217391304348,23.0,1.0,22.0,1.0
6,True,84,89,6,3,3,both_feet|both_fists|left_fist|right_fist,both_feet|both_fists|left_fist|right_fist,True,True,True,False,ELIGIBLE,eligible under primary rule,21,24,19,21,22,21,22,23,03-04|05-06|07-08|09-10|11-12|13-14,21,24,3,True,ELIGIBLE,19,21,3,True,ELIGIBLE,22,21,3,True,ELIGIBLE,22,23,3,True,ELIGIBLE,40,45,3,True,ELIGIBLE,44,44,3,True,ELIGIBLE,True,STRICT_CELL_EPOCHS,22.0,0.9545454545454546,24.0,1.0,23.0,0.8260869565217391,21.0,1.0,22.0,1.0,22.0,0.9545454545454546,23.0,0.9565217391304348,23.0,1.0
7,True,89,88,6,3,3,both_feet|both_fists|left_fist|right_fist,both_feet|both_fists|left_fist|right_fist,True,True,True,True,ELIGIBLE,eligible under primary rule,23,23,22,22,21,22,23,21,03-04|05-06|07-08|09-10|11-12|13-14,23,23,3,True,ELIGIBLE,22,22,3,True,ELIGIBLE,21,22,3,True,ELIGIBLE,23,21,3,True,ELIGIBLE,45,45,3,True,ELIGIBLE,44,43,3,True,ELIGIBLE,True,ELIGIBLE,23.0,1.0,23.0,1.0,22.0,1.0,22.0,1.0,22.0,0.9545454545454546,22.0,1.0,23.0,1.0,23.0,0.9130434782608695
8,True,90,90,6,3,3,both_feet|both_fists|left_fist|right_fist,both_feet|both_fists|left_fist|right_fist,True,True,True,True,ELIGIBLE,eligible under primary rule,22,22,23,23,22,23,23,22,03-04|05-06|07-08|09-10|11-12|13-14,22,22,3,True,ELIGIBLE,23,23,3,True,ELIGIBLE,22,23,3,True,ELIGIBLE,23,22,3,True,ELIGIBLE,45,45,3,True,ELIGIBLE,45,45,3,True,ELIGIBLE,True,ELIGIBLE,22.0,1.0,22.0,1.0,23.0,1.0,23.0,1.0,22.0,1.0,23.0,1.0,23.0,1.0,22.0,1.0
9,True,8,15,1,0,1,both_feet|both_fists,both_feet|both_fists,False,False,False,False,INSUFFICIENT_MATCHED_PAIRS|MISSING_UNILATERAL_PAIR|INSUFFICIENT_ME_EPOCHS|INSUFFICIENT_MI_EPOCHS,fewer than two usable matched ME/MI pairs; no usable unilateral matched pair; fewer than required ME epochs after rejection; fewer than required MI epochs after rejection,0,0,0,0,5,8,3,7,09-10,0,0,0,False,INSUFFICIENT_MOVEMENT_ME|INSUFFICIENT_MOVEMENT_MI|INSUFFICIENT_MOVEMENT_PAIRS,0,0,0,False,INSUFFICIENT_MOVEMENT_ME|INSUFFICIENT_MOVEMENT_MI|INSUFFICIENT_MOVEMENT_PAIRS,5,8,1,False,INSUFFICIENT_MOVEMENT_ME|INSUFFICIENT_MOVEMENT_MI|INSUFFICIENT_MOVEMENT_PAIRS,3,7,1,False,INSUFFICIENT_MOVEMENT_ME|INSUFFICIENT_MOVEMENT_MI|INSUFFICIENT_MOVEMENT_PAIRS,0,0,0,False,INSUFFICIENT_MOVEMENT_ME|INSUFFICIENT_MOVEMENT_MI|INSUFFICIENT_MOVEMENT_PAIRS,8,15,1,False,INSUFFICIENT_MOVEMENT_ME|INSUFFICIENT_MOVEMENT_PAIRS,True,STRICT_MODE_EPOCHS|STRICT_CELL_EPOCHS|STRICT_CELL_FRACTION,23.0,0.0,24.0,0.0,22.0,0.0,21.0,0.0,23.0,0.21739130434782608,23.0,0.34782608695652173,22.0,0.13636363636363635,22.0,0.3181818181818182
10,True,88,89,6,3,3,both_feet|both_fists|left_fist|right_fist,both_feet|both_fists|left_fist|right_fist,True,True,True,True,ELIGIBLE,eligible under primary rule,24,24,21,21,21,22,22,22,03-04|05-06|07-08|09-10|11-12|13-14,24,24,3,True,ELIGIBLE,21,21,3,True,ELIGIBLE,21,22,3,True,ELIGIBLE,22,22,3,True,ELIGIBLE,45,45,3,True,ELIGIBLE,43,44,3,True,ELIGIBLE,True,ELIGIBLE,24.0,1.0,24.0,1.0,21.0,1.0,21.0,1.0,23.0,0.9130434782608695,23.0,0.9565217391304348,22.0,1.0,22.0,1.0
11,True,90,89,6,3,3,both_feet|both_fists|left_fist|right_fist,both_feet|both_fists|left_fist|right_fist,True,True,True,True,ELIGIBLE,eligible under primary rule,22,22,23,22,22,22,23,23,03-04|05-06|07-08|09-10|11-12|13-14,22,22,3,True,ELIGIBLE,23,22,3,True,ELIGIBLE,22,22,3,True,ELIGIBLE,23,23,3,True,ELIGIBLE,45,44,3,True,ELIGIBLE,45,45,3,True,ELIGIBLE,True,ELIGIBLE,22.0,1.0,23.0,0.9565217391304348,23.0,1.0,22.0,1.0,22.0,1.0,22.0,1.0,23.0,1.0,23.0,1.0
12,True,90,90,6,3,3,both_feet|both_fists|left_fist|right_fist,both_feet|both_fists|left_fist|right_fist,True,True,True,True,ELIGIBLE,eligible under primary rule,24,21,21,24,23,22,22,23,03-04|05-06|07-08|09-10|11-12|13-14,24,21,3,True,ELIGIBLE,21,24,3,True,ELIGIBLE,23,22,3,True,ELIGIBLE,22,23,3,True,ELIGIBLE,45,45,3,True,ELIGIBLE,45,45,3,True,ELIGIBLE,True,ELIGIBLE,24.0,1.0,21.0,1.0,21.0,1.0,24.0,1.0,23.0,1.0,22.0,1.0,22.0,1.0,23.0,1.0
13,True,16,30,4,2,2,both_feet|both_fists|left_fist|right_fist,both_feet|both_fists|left_fist|right_fist,False,False,False,False,INSUFFICIENT_ME_EPOCHS,fewer than required ME epochs after rejection,7,9,6,7,1,8,2,6,03-04|05-06|07-08|09-10,7,9,2,False,INSUFFICIENT_MOVEMENT_ME|INSUFFICIENT_MOVEMENT_MI,6,7,2,False,INSUFFICIENT_MOVEMENT_ME|INSUFFICIENT_MOVEMENT_MI,1,8,1,False,INSUFFICIENT_MOVEMENT_ME|INSUFFICIENT_MOVEMENT_MI|INSUFFICIENT_MOVEMENT_PAIRS,2,6,1,False,INSUFFICIENT_MOVEMENT_ME|INSUFFICIENT_MOVEMENT_MI|INSUFFICIENT_MOVEMENT_PAIRS,13,16,2,False,INSUFFICIENT_MOVEMENT_ME,3,14,2,False,INSUFFICIENT_MOVEMENT_ME|INSUFFICIENT_MOVEMENT_MI,True,STRICT_MODE_EPOCHS|STRICT_CELL_EPOCHS|STRICT_CELL_FRACTION,24.0,0.2916666666666667,23.0,0.391304347826087,21.0,0.2857142857142857,22.0,0.3181818181818182,24.0,0.041666666666666664,22.0,0.36363636363636365,21.0,0.09523809523809523,23.0,0.2608695652173913
14,True,89,90,6,3,3,both_feet|both_fists|left_fist|right_fist,both_feet|both_fists|left_fist|right_fist,True,True,True,True,ELIGIBLE,eligible under primary rule,22,22,23,23,21,24,23,21,03-04|05-06|07-08|09-10|11-12|13-14,22,22,3,True,ELIGIBLE,23,23,3,True,ELIGIBLE,21,24,3,True,ELIGIBLE,23,21,3,True,ELIGIBLE,45,45,3,True,ELIGIBLE,44,45,3,True,ELIGIBLE,True,ELIGIBLE,22.0,1.0,22.0,1.0,23.0,1.0,23.0,1.0,21.0,1.0,24.0,1.0,24.0,0.9583333333333334,21.0,1.0
15,True,88,88,6,3,3,both_feet|both_fists|left_fist|right_fist,both_feet|both_fists|left_fist|right_fist,True,True,True,True,ELIGIBLE,eligible under primary rule,21,23,22,22,22,21,23,22,03-04|05-06|07-08|09-10|11-12|13-14,21,23,3,True,ELIGIBLE,22,22,3,True,ELIGIBLE,22,21,3,True,ELIGIBLE,23,22,3,True,ELIGIBLE,43,45,3,True,ELIGIBLE,45,43,3,True,ELIGIBLE,True,ELIGIBLE,22.0,0.9545454545454546,23.0,1.0,23.0,0.9565217391304348,22.0,1.0,22.0,1.0,22.0,0.9545454545454546,23.0,1.0,23.0,0.9565217391304348
16,True,90,90,6,3,3,both_feet|both_fists|left_fist|right_fist,both_feet|both_fists|left_fist|right_fist,True,True,True,True,ELIGIBLE,eligible under primary rule,23,22,22,23,22,24,23,21,03-04|05-06|07-08|09-10|11-12|13-14,23,22,3,True,ELIGIBLE,22,23,3,True,ELIGIBLE,22,24,3,True,ELIGIBLE,23,21,3,True,ELIGIBLE,45,45,3,True,ELIGIBLE,45,45,3,True,ELIGIBLE,True,ELIGIBLE,23.0,1.0,22.0,1.0,22.0,1.0,23.0,1.0,22.0,1.0,24.0,1.0,23.0,1.0,21.0,1.0
17,True,23,14,2,1,1,both_feet|both_fists|left_fist|right_fist,both_feet|both_fists|left_fist|right_fist,False,False,False,False,INSUFFICIENT_ME_EPOCHS|INSUFFICIENT_MI_EPOCHS,fewer than required ME epochs after rejection; fewer than required MI epochs after rejection,8,4,7,3,3,4,5,3,03-04|05-06,8,4,1,False,INSUFFICIENT_MOVEMENT_ME|INSUFFICIENT_MOVEMENT_MI|INSUFFICIENT_MOVEMENT_PAIRS,7,3,1,False,INSUFFICIENT_MOVEMENT_ME|INSUFFICIENT_MOVEMENT_MI|INSUFFICIENT_MOVEMENT_PAIRS,3,4,1,False,INSUFFICIENT_MOVEMENT_ME|INSUFFICIENT_MOVEMENT_MI|INSUFFICIENT_MOVEMENT_PAIRS,5,3,1,False,INSUFFICIENT_MOVEMENT_ME|INSUFFICIENT_MOVEMENT_MI|INSUFFICIENT_MOVEMENT_PAIRS,15,7,1,False,INSUFFICIENT_MOVEMENT_MI|INSUFFICIENT_MOVEMENT_PAIRS,8,7,1,False,INSUFFICIENT_MOVEMENT_ME|INSUFFICIENT_MOVEMENT_MI|INSUFFICIENT_MOVEMENT_PAIRS,True,STRICT_MODE_EPOCHS|STRICT_CELL_EPOCHS|STRICT_CELL_FRACTION,23.0,0.34782608695652173,23.0,0.17391304347826086,22.0,0.3181818181818182,22.0,0.13636363636363635,22.0,0.13636363636363635,24.0,0.16666666666666666,23.0,0.21739130434782608,21.0,0.14285714285714285
18,True,90,90,6,3,3,both_feet|both_fists|left_fist|right_fist,both_feet|both_fists|left_fist|right_fist,True,True,True,True,ELIGIBLE,eligible under primary rule,22,22,23,23,24,22,21,23,03-04|05-06|07-08|09-10|11-12|13-14,22,22,3,True,ELIGIBLE,23,23,3,True,ELIGIBLE,24,22,3,True,ELIGIBLE,21,23,3,True,ELIGIBLE,45,45,3,True,ELIGIBLE,45,45,3,True,ELIGIBLE,True,ELIGIBLE,22.0,1.0,22.0,1.0,23.0,1.0,23.0,1.0,24.0,1.0,22.0,1.0,21.0,1.0,23.0,1.0
19,True,89,90,6,3,3,both_feet|both_fists|left_fist|right_fist,both_feet|both_fists|left_fist|right_fist,True,True,True,True,ELIGIBLE,eligible under primary rule,23,23,21,22,22,22,23,23,03-04|05-06|07-08|09-10|11-12|13-14,23,23,3,True,ELIGIBLE,21,22,3,True,ELIGIBLE,22,22,3,True,ELIGIBLE,23,23,3,True,ELIGIBLE,44,45,3,True,ELIGIBLE,45,45,3,True,ELIGIBLE,True,ELIGIBLE,24.0,0.9583333333333334,23.0,1.0,21.0,1.0,22.0,1.0,22.0,1.0,22.0,1.0,23.0,1.0,23.0,1.0
20,True,90,90,6,3,3,both_feet|both_fists|left_fist|right_fist,both_feet|both_fists|left_fist|right_fist,True,True,True,True,ELIGIBLE,eligible under primary rule,21,23,24,22,21,23,24,22,03-04|05-06|07-08|09-10|11-12|13-14,21,23,3,True,ELIGIBLE,24,22,3,True,ELIGIBLE,21,23,3,True,ELIGIBLE,24,22,3,True,ELIGIBLE,45,45,3,True,ELIGIBLE,45,45,3,True,ELIGIBLE,True,ELIGIBLE,21.0,1.0,23.0,1.0,24.0,1.0,22.0,1.0,21.0,1.0,23.0,1.0,24.0,1.0,22.0,1.0
21,True,76,52,6,3,3,both_feet|both_fists|left_fist|right_fist,both_feet|both_fists|left_fist|right_fist,True,True,True,False,ELIGIBLE,eligible under primary rule,15,10,16,8,22,18,23,16,03-04|05-06|07-08|09-10|11-12|13-14,15,10,3,False,INSUFFICIENT_MOVEMENT_MI,16,8,2,False,INSUFFICIENT_MOVEMENT_MI,22,18,3,True,ELIGIBLE,23,16,3,True,ELIGIBLE,31,18,3,True,ELIGIBLE,45,34,3,True,ELIGIBLE,True,STRICT_CELL_EPOCHS|STRICT_CELL_FRACTION,24.0,0.625,24.0,0.4166666666666667,21.0,0.7619047619047619,21.0,0.38095238095238093,22.0,1.0,22.0,0.8181818181818182,23.0,1.0,20.0,0.8
22,True,28,41,3,2,1,both_fists|left_fist|right_fist,both_feet|both_fists|left_fist|right_fist,False,False,False,False,MOVEMENT_COMPOSITION|INSUFFICIENT_ME_EPOCHS,movement composition not represented in both modes; fewer than required ME epochs after rejection,11,13,14,14,3,7,0,7,03-04|05-06|07-08,11,13,2,False,INSUFFICIENT_MOVEMENT_ME|INSUFFICIENT_MOVEMENT_MI,14,14,2,False,INSUFFICIENT_MOVEMENT_ME|INSUFFICIENT_MOVEMENT_MI,3,7,1,False,INSUFFICIENT_MOVEMENT_ME|INSUFFICIENT_MOVEMENT_MI|INSUFFICIENT_MOVEMENT_PAIRS,0,7,0,False,INSUFFICIENT_MOVEMENT_ME|INSUFFICIENT_MOVEMENT_MI|INSUFFICIENT_MOVEMENT_PAIRS,25,27,2,True,ELIGIBLE,3,14,1,False,INSUFFICIENT_MOVEMENT_ME|INSUFFICIENT_MOVEMENT_MI|INSUFFICIENT_MOVEMENT_PAIRS,True,STRICT_MODE_EPOCHS|STRICT_CELL_EPOCHS|STRICT_CELL_FRACTION,23.0,0.4782608695652174,22.0,0.5909090909090909,22.0,0.6363636363636364,23.0,0.6086956521739131,22.0,0.13636363636363635,21.0,0.3333333333333333,23.0,0.0,24.0,0.2916666666666667
23,True,70,81,6,3,3,both_feet|both_fists|left_fist|right_fist,both_feet|both_fists|left_fist|right_fist,True,True,True,False,ELIGIBLE,eligible under primary rule,18,21,16,20,18,18,18,22,03-04|05-06|07-08|09-10|11-12|13-14,18,21,3,True,ELIGIBLE,16,20,3,True,ELIGIBLE,18,18,3,True,ELIGIBLE,18,22,3,True,ELIGIBLE,34,41,3,True,ELIGIBLE,36,40,3,True,ELIGIBLE,True,STRICT_CELL_EPOCHS|STRICT_CELL_FRACTION,22.0,0.8181818181818182,22.0,0.9545454545454546,23.0,0.6956521739130435,23.0,0.8695652173913043,23.0,0.782608695652174,23.0,0.782608695652174,22.0,0.8181818181818182,22.0,1.0
24,True,20,10,5,3,2,both_feet|both_fists|left_fist|right_fist,both_feet|both_fists|left_fist|right_fist,False,False,False,False,INSUFFICIENT_ME_EPOCHS|INSUFFICIENT_MI_EPOCHS,fewer than required ME epochs after rejection; fewer than required MI epochs after rejection,7,5,7,2,3,2,3,1,03-04|05-06|07-08|11-12|13-14,7,5,2,False,INSUFFICIENT_MOVEMENT_ME|INSUFFICIENT_MOVEMENT_MI,7,2,1,False,INSUFFICIENT_MOVEMENT_ME|INSUFFICIENT_MOVEMENT_MI|INSUFFICIENT_MOVEMENT_PAIRS,3,2,2,False,INSUFFICIENT_MOVEMENT_ME|INSUFFICIENT_MOVEMENT_MI,3,1,1,False,INSUFFICIENT_MOVEMENT_ME|INSUFFICIENT_MOVEMENT_MI|INSUFFICIENT_MOVEMENT_PAIRS,14,7,3,False,INSUFFICIENT_MOVEMENT_ME|INSUFFICIENT_MOVEMENT_MI,6,3,2,False,INSUFFICIENT_MOVEMENT_ME|INSUFFICIENT_MOVEMENT_MI,True,STRICT_MODE_EPOCHS|STRICT_CELL_EPOCHS|STRICT_CELL_FRACTION,18.0,0.3888888888888889,22.0,0.22727272727272727,18.0,0.3888888888888889,23.0,0.08695652173913043,22.0,0.13636363636363635,22.0,0.09090909090909091,23.0,0.13043478260869565,23.0,0.043478260869565216
25,True,90,90,6,3,3,both_feet|both_fists|left_fist|right_fist,both_feet|both_fists|left_fist|right_fist,True,True,True,True,ELIGIBLE,eligible under primary rule,23,22,22,23,21,24,24,21,03-04|05-06|07-08|09-10|11-12|13-14,23,22,3,True,ELIGIBLE,22,23,3,True,ELIGIBLE,21,24,3,True,ELIGIBLE,24,21,3,True,ELIGIBLE,45,45,3,True,ELIGIBLE,45,45,3,True,ELIGIBLE,True,ELIGIBLE,23.0,1.0,22.0,1.0,22.0,1.0,23.0,1.0,21.0,1.0,24.0,1.0,24.0,1.0,21.0,1.0
26,True,90,90,6,3,3,both_feet|both_fists|left_fist|right_fist,both_feet|both_fists|left_fist|right_fist,True,True,True,True,ELIGIBLE,eligible under primary rule,23,24,22,21,23,21,22,24,03-04|05-06|07-08|09-10|11-12|13-14,23,24,3,True,ELIGIBLE,22,21,3,True,ELIGIBLE,23,21,3,True,ELIGIBLE,22,24,3,True,ELIGIBLE,45,45,3,True,ELIGIBLE,45,45,3,True,ELIGIBLE,True,ELIGIBLE,23.0,1.0,24.0,1.0,22.0,1.0,21.0,1.0,23.0,1.0,21.0,1.0,22.0,1.0,24.0,1.0
27,True,52,85,6,3,3,both_feet|both_fists|left_fist|right_fist,both_feet|both_fists|left_fist|right_fist,True,True,True,False,ELIGIBLE,eligible under primary rule,15,22,11,21,12,20,14,22,03-04|05-06|07-08|09-10|11-12|13-14,15,22,3,True,ELIGIBLE,11,21,2,False,INSUFFICIENT_MOVEMENT_ME,12,20,3,False,INSUFFICIENT_MOVEMENT_ME,14,22,2,False,INSUFFICIENT_MOVEMENT_ME,26,43,3,True,ELIGIBLE,26,42,3,True,ELIGIBLE,True,STRICT_CELL_EPOCHS|STRICT_CELL_FRACTION,17.0,0.8823529411764706,23.0,0.9565217391304348,15.0,0.7333333333333333,22.0,0.9545454545454546,22.0,0.5454545454545454,22.0,0.9090909090909091,23.0,0.6086956521739131,23.0,0.9565217391304348
28,True,79,82,6,3,3,both_feet|both_fists|left_fist|right_fist,both_feet|both_fists|left_fist|right_fist,True,True,True,False,ELIGIBLE,eligible under primary rule,21,21,20,23,24,19,14,19,03-04|05-06|07-08|09-10|11-12|13-14,21,21,3,True,ELIGIBLE,20,23,3,True,ELIGIBLE,24,19,3,True,ELIGIBLE,14,19,3,False,INSUFFICIENT_MOVEMENT_ME,41,44,3,True,ELIGIBLE,38,38,3,True,ELIGIBLE,True,STRICT_CELL_EPOCHS|STRICT_CELL_FRACTION,23.0,0.9130434782608695,22.0,0.9545454545454546,22.0,0.9090909090909091,23.0,1.0,24.0,1.0,23.0,0.8260869565217391,21.0,0.6666666666666666,22.0,0.8636363636363636
29,True,90,83,6,3,3,both_feet|both_fists|left_fist|right_fist,both_feet|both_fists|left_fist|right_fist,True,True,True,False,ELIGIBLE,eligible under primary rule,22,20,23,18,23,22,22,23,03-04|05-06|07-08|09-10|11-12|13-14,22,20,3,True,ELIGIBLE,23,18,3,True,ELIGIBLE,23,22,3,True,ELIGIBLE,22,23,3,True,ELIGIBLE,45,38,3,True,ELIGIBLE,45,45,3,True,ELIGIBLE,True,STRICT_CELL_EPOCHS,22.0,1.0,20.0,1.0,23.0,1.0,18.0,1.0,23.0,1.0,22.0,1.0,22.0,1.0,23.0,1.0
30,True,90,90,6,3,3,both_feet|both_fists|left_fist|right_fist,both_feet|both_fists|left_fist|right_fist,True,True,True,True,ELIGIBLE,eligible under primary rule,22,24,23,21,22,24,23,21,03-04|05-06|07-08|09-10|11-12|13-14,22,24,3,True,ELIGIBLE,23,21,3,True,ELIGIBLE,22,24,3,True,ELIGIBLE,23,21,3,True,ELIGIBLE,45,45,3,True,ELIGIBLE,45,45,3,True,ELIGIBLE,True,ELIGIBLE,22.0,1.0,24.0,1.0,23.0,1.0,21.0,1.0,22.0,1.0,24.0,1.0,23.0,1.0,21.0,1.0
31,True,90,90,6,3,3,both_feet|both_fists|left_fist|right_fist,both_feet|both_fists|left_fist|right_fist,True,True,True,True,ELIGIBLE,eligible under primary rule,23,22,22,23,21,23,24,22,03-04|05-06|07-08|09-10|11-12|13-14,23,22,3,True,ELIGIBLE,22,23,3,True,ELIGIBLE,21,23,3,True,ELIGIBLE,24,22,3,True,ELIGIBLE,45,45,3,True,ELIGIBLE,45,45,3,True,ELIGIBLE,True,ELIGIBLE,23.0,1.0,22.0,1.0,22.0,1.0,23.0,1.0,21.0,1.0,23.0,1.0,24.0,1.0,22.0,1.0
32,True,61,44,5,3,2,both_feet|both_fists|left_fist|right_fist,both_feet|both_fists|left_fist|right_fist,True,True,True,False,ELIGIBLE,eligible under primary rule,23,12,22,11,9,11,7,10,03-04|05-06|07-08|09-10|11-12,23,12,3,False,INSUFFICIENT_MOVEMENT_MI,22,11,3,False,INSUFFICIENT_MOVEMENT_MI,9,11,2,False,INSUFFICIENT_MOVEMENT_ME|INSUFFICIENT_MOVEMENT_MI,7,10,2,False,INSUFFICIENT_MOVEMENT_ME|INSUFFICIENT_MOVEMENT_MI,45,23,3,True,ELIGIBLE,16,21,2,True,ELIGIBLE,True,STRICT_CELL_EPOCHS|STRICT_CELL_FRACTION,23.0,1.0,16.0,0.75,22.0,1.0,18.0,0.6111111111111112,22.0,0.4090909090909091,22.0,0.5,23.0,0.30434782608695654,23.0,0.43478260869565216
33,True,88,89,6,3,3,both_feet|both_fists|left_fist|right_fist,both_feet|both_fists|left_fist|right_fist,True,True,True,True,ELIGIBLE,eligible under primary rule,20,23,23,22,21,21,24,23,03-04|05-06|07-08|09-10|11-12|13-14,20,23,3,True,ELIGIBLE,23,22,3,True,ELIGIBLE,21,21,3,True,ELIGIBLE,24,23,3,True,ELIGIBLE,43,45,3,True,ELIGIBLE,45,44,3,True,ELIGIBLE,True,ELIGIBLE,21.0,0.9523809523809523,23.0,1.0,24.0,0.9583333333333334,22.0,1.0,21.0,1.0,22.0,0.9545454545454546,24.0,1.0,23.0,1.0
34,True,90,90,6,3,3,both_feet|both_fists|left_fist|right_fist,both_feet|both_fists|left_fist|right_fist,True,True,True,True,ELIGIBLE,eligible under primary rule,23,21,22,24,22,22,23,23,03-04|05-06|07-08|09-10|11-12|13-14,23,21,3,True,ELIGIBLE,22,24,3,True,ELIGIBLE,22,22,3,True,ELIGIBLE,23,23,3,True,ELIGIBLE,45,45,3,True,ELIGIBLE,45,45,3,True,ELIGIBLE,True,ELIGIBLE,23.0,1.0,21.0,1.0,22.0,1.0,24.0,1.0,22.0,1.0,22.0,1.0,23.0,1.0,23.0,1.0
35,True,82,90,6,3,3,both_feet|both_fists|left_fist|right_fist,both_feet|both_fists|left_fist|right_fist,True,True,True,False,ELIGIBLE,eligible under primary rule,17,22,20,23,22,24,23,21,03-04|05-06|07-08|09-10|11-12|13-14,17,22,3,True,ELIGIBLE,20,23,3,True,ELIGIBLE,22,24,3,True,ELIGIBLE,23,21,3,True,ELIGIBLE,37,45,3,True,ELIGIBLE,45,45,3,True,ELIGIBLE,True,STRICT_CELL_EPOCHS,18.0,0.9444444444444444,22.0,1.0,20.0,1.0,23.0,1.0,22.0,1.0,24.0,1.0,23.0,1.0,21.0,1.0
36,True,86,89,6,3,3,both_feet|both_fists|left_fist|right_fist,both_feet|both_fists|left_fist|right_fist,True,True,True,True,ELIGIBLE,eligible under primary rule,21,23,22,22,22,22,21,22,03-04|05-06|07-08|09-10|11-12|13-14,21,23,3,True,ELIGIBLE,22,22,3,True,ELIGIBLE,22,22,3,True,ELIGIBLE,21,22,3,True,ELIGIBLE,43,45,3,True,ELIGIBLE,43,44,3,True,ELIGIBLE,True,ELIGIBLE,23.0,0.9130434782608695,23.0,1.0,22.0,1.0,22.0,1.0,22.0,1.0,22.0,1.0,23.0,0.9130434782608695,23.0,0.9565217391304348
37,True,75,75,5,3,2,both_feet|both_fists|left_fist|right_fist,both_feet|both_fists|left_fist|right_fist,True,True,True,False,ELIGIBLE,eligible under primary rule,23,23,22,22,15,15,15,15,03-04|05-06|07-08|09-10|11-12,23,23,3,True,ELIGIBLE,22,22,3,True,ELIGIBLE,15,15,2,True,ELIGIBLE,15,15,2,True,ELIGIBLE,45,45,3,True,ELIGIBLE,30,30,2,True,ELIGIBLE,True,STRICT_CELL_EPOCHS|STRICT_CELL_FRACTION,23.0,1.0,23.0,1.0,22.0,1.0,22.0,1.0,16.0,0.9375,22.0,0.6818181818181818,15.0,1.0,23.0,0.6521739130434783
38,True,89,89,6,3,3,both_feet|both_fists|left_fist|right_fist,both_feet|both_fists|left_fist|right_fist,True,True,True,True,ELIGIBLE,eligible under primary rule,22,23,22,21,23,23,22,22,03-04|05-06|07-08|09-10|11-12|13-14,22,23,3,True,ELIGIBLE,22,21,3,True,ELIGIBLE,23,23,3,True,ELIGIBLE,22,22,3,True,ELIGIBLE,44,44,3,True,ELIGIBLE,45,45,3,True,ELIGIBLE,True,ELIGIBLE,23.0,0.9565217391304348,23.0,1.0,22.0,1.0,22.0,0.9545454545454546,23.0,1.0,23.0,1.0,22.0,1.0,22.0,1.0
39,True,85,83,6,3,3,both_feet|both_fists|left_fist|right_fist,both_feet|both_fists|left_fist|right_fist,True,True,True,False,ELIGIBLE,eligible under primary rule,22,23,21,22,20,17,22,21,03-04|05-06|07-08|09-10|11-12|13-14,22,23,3,True,ELIGIBLE,21,22,3,True,ELIGIBLE,20,17,3,True,ELIGIBLE,22,21,3,True,ELIGIBLE,43,45,3,True,ELIGIBLE,42,38,3,True,ELIGIBLE,True,STRICT_CELL_EPOCHS|STRICT_CELL_FRACTION,23.0,0.9565217391304348,23.0,1.0,22.0,0.9545454545454546,22.0,1.0,23.0,0.8695652173913043,23.0,0.7391304347826086,22.0,1.0,22.0,0.9545454545454546
40,True,88,78,6,3,3,both_feet|both_fists|left_fist|right_fist,both_feet|both_fists|left_fist|right_fist,True,True,True,False,ELIGIBLE,eligible under primary rule,23,16,22,19,22,21,21,22,03-04|05-06|07-08|09-10|11-12|13-14,23,16,3,True,ELIGIBLE,22,19,3,True,ELIGIBLE,22,21,3,True,ELIGIBLE,21,22,3,True,ELIGIBLE,45,35,3,True,ELIGIBLE,43,43,3,True,ELIGIBLE,True,STRICT_CELL_EPOCHS,23.0,1.0,16.0,1.0,22.0,1.0,19.0,1.0,22.0,1.0,22.0,0.9545454545454546,23.0,0.9130434782608695,23.0,0.9565217391304348
41,True,90,90,6,3,3,both_feet|both_fists|left_fist|right_fist,both_feet|both_fists|left_fist|right_fist,True,True,True,True,ELIGIBLE,eligible under primary rule,22,24,23,21,22,23,23,22,03-04|05-06|07-08|09-10|11-12|13-14,22,24,3,True,ELIGIBLE,23,21,3,True,ELIGIBLE,22,23,3,True,ELIGIBLE,23,22,3,True,ELIGIBLE,45,45,3,True,ELIGIBLE,45,45,3,True,ELIGIBLE,True,ELIGIBLE,22.0,1.0,24.0,1.0,23.0,1.0,21.0,1.0,22.0,1.0,23.0,1.0,23.0,1.0,22.0,1.0
42,True,90,90,6,3,3,both_feet|both_fists|left_fist|right_fist,both_feet|both_fists|left_fist|right_fist,True,True,True,True,ELIGIBLE,eligible under primary rule,22,22,23,23,23,24,22,21,03-04|05-06|07-08|09-10|11-12|13-14,22,22,3,True,ELIGIBLE,23,23,3,True,ELIGIBLE,23,24,3,True,ELIGIBLE,22,21,3,True,ELIGIBLE,45,45,3,True,ELIGIBLE,45,45,3,True,ELIGIBLE,True,ELIGIBLE,22.0,1.0,22.0,1.0,23.0,1.0,23.0,1.0,23.0,1.0,24.0,1.0,22.0,1.0,21.0,1.0
43,True,70,83,6,3,3,both_feet|both_fists|left_fist|right_fist,both_feet|both_fists|left_fist|right_fist,True,True,True,False,ELIGIBLE,eligible under primary rule,19,19,22,22,16,23,13,19,03-04|05-06|07-08|09-10|11-12|13-14,19,19,3,True,ELIGIBLE,22,22,3,True,ELIGIBLE,16,23,3,True,ELIGIBLE,13,19,3,False,INSUFFICIENT_MOVEMENT_ME,41,41,3,True,ELIGIBLE,29,42,3,True,ELIGIBLE,True,STRICT_CELL_EPOCHS|STRICT_CELL_FRACTION,22.0,0.8636363636363636,23.0,0.8260869565217391,23.0,0.9565217391304348,22.0,1.0,20.0,0.8,23.0,1.0,20.0,0.65,22.0,0.8636363636363636
44,True,47,50,6,3,3,both_feet|both_fists|left_fist|right_fist,both_feet|both_fists|left_fist|right_fist,True,True,True,False,ELIGIBLE,eligible under primary rule,13,13,8,13,11,10,15,14,03-04|05-06|07-08|09-10|11-12|13-14,13,13,3,False,INSUFFICIENT_MOVEMENT_ME|INSUFFICIENT_MOVEMENT_MI,8,13,3,False,INSUFFICIENT_MOVEMENT_ME|INSUFFICIENT_MOVEMENT_MI,11,10,3,False,INSUFFICIENT_MOVEMENT_ME|INSUFFICIENT_MOVEMENT_MI,15,14,3,False,INSUFFICIENT_MOVEMENT_MI,21,26,3,True,ELIGIBLE,26,24,3,True,ELIGIBLE,True,STRICT_CELL_EPOCHS|STRICT_CELL_FRACTION,23.0,0.5652173913043478,22.0,0.5909090909090909,22.0,0.36363636363636365,23.0,0.5652173913043478,21.0,0.5238095238095238,23.0,0.43478260869565216,24.0,0.625,22.0,0.6363636363636364
45,True,76,77,6,3,3,both_feet|both_fists|left_fist|right_fist,both_feet|both_fists|left_fist|right_fist,True,True,True,False,ELIGIBLE,eligible under primary rule,21,22,21,21,17,19,17,15,03-04|05-06|07-08|09-10|11-12|13-14,21,22,3,True,ELIGIBLE,21,21,3,True,ELIGIBLE,17,19,3,True,ELIGIBLE,17,15,3,True,ELIGIBLE,42,43,3,True,ELIGIBLE,34,34,3,True,ELIGIBLE,True,STRICT_CELL_EPOCHS|STRICT_CELL_FRACTION,22.0,0.9545454545454546,23.0,0.9565217391304348,23.0,0.9130434782608695,22.0,0.9545454545454546,23.0,0.7391304347826086,24.0,0.7916666666666666,22.0,0.7727272727272727,21.0,0.7142857142857143
46,True,83,89,6,3,3,both_feet|both_fists|left_fist|right_fist,both_feet|both_fists|left_fist|right_fist,True,True,True,True,ELIGIBLE,eligible under primary rule,20,23,21,21,21,22,21,23,03-04|05-06|07-08|09-10|11-12|13-14,20,23,3,True,ELIGIBLE,21,21,3,True,ELIGIBLE,21,22,3,True,ELIGIBLE,21,23,3,True,ELIGIBLE,41,44,3,True,ELIGIBLE,42,45,3,True,ELIGIBLE,True,ELIGIBLE,22.0,0.9090909090909091,23.0,1.0,23.0,0.9130434782608695,22.0,0.9545454545454546,22.0,0.9545454545454546,22.0,1.0,23.0,0.9130434782608695,23.0,1.0
47,True,90,85,6,3,3,both_feet|both_fists|left_fist|right_fist,both_feet|both_fists|left_fist|right_fist,True,True,True,False,ELIGIBLE,eligible under primary rule,23,24,22,21,23,21,22,19,03-04|05-06|07-08|09-10|11-12|13-14,23,24,3,True,ELIGIBLE,22,21,3,True,ELIGIBLE,23,21,3,True,ELIGIBLE,22,19,3,True,ELIGIBLE,45,45,3,True,ELIGIBLE,45,40,3,True,ELIGIBLE,True,STRICT_CELL_EPOCHS,23.0,1.0,24.0,1.0,22.0,1.0,21.0,1.0,23.0,1.0,21.0,1.0,22.0,1.0,19.0,1.0
48,True,20,21,5,2,3,both_feet|both_fists|left_fist|right_fist,both_feet|both_fists|left_fist|right_fist,False,True,False,False,INSUFFICIENT_ME_EPOCHS|INSUFFICIENT_MI_EPOCHS,fewer than required ME epochs after rejection; fewer than required MI epochs after rejection,4,4,5,4,6,7,5,6,03-04|05-06|07-08|09-10|13-14,4,4,1,False,INSUFFICIENT_MOVEMENT_ME|INSUFFICIENT_MOVEMENT_MI|INSUFFICIENT_MOVEMENT_PAIRS,5,4,2,False,INSUFFICIENT_MOVEMENT_ME|INSUFFICIENT_MOVEMENT_MI,6,7,3,False,INSUFFICIENT_MOVEMENT_ME|INSUFFICIENT_MOVEMENT_MI,5,6,2,False,INSUFFICIENT_MOVEMENT_ME|INSUFFICIENT_MOVEMENT_MI,9,8,2,False,INSUFFICIENT_MOVEMENT_ME|INSUFFICIENT_MOVEMENT_MI,11,13,3,False,INSUFFICIENT_MOVEMENT_ME|INSUFFICIENT_MOVEMENT_MI,True,STRICT_MODE_EPOCHS|STRICT_CELL_EPOCHS|STRICT_CELL_FRACTION,22.0,0.18181818181818182,22.0,0.18181818181818182,23.0,0.21739130434782608,23.0,0.17391304347826086,23.0,0.2608695652173913,24.0,0.2916666666666667,22.0,0.22727272727272727,21.0,0.2857142857142857
49,True,63,63,6,3,3,both_feet|both_fists|left_fist|right_fist,both_feet|both_fists|left_fist|right_fist,True,True,True,False,ELIGIBLE,eligible under primary rule,20,17,16,15,13,14,14,17,03-04|05-06|07-08|09-10|11-12|13-14,20,17,3,True,ELIGIBLE,16,15,3,True,ELIGIBLE,13,14,3,False,INSUFFICIENT_MOVEMENT_ME|INSUFFICIENT_MOVEMENT_MI,14,17,3,False,INSUFFICIENT_MOVEMENT_ME,36,32,3,True,ELIGIBLE,27,31,3,True,ELIGIBLE,True,STRICT_CELL_EPOCHS|STRICT_CELL_FRACTION,22.0,0.9090909090909091,23.0,0.7391304347826086,23.0,0.6956521739130435,22.0,0.6818181818181818,22.0,0.5909090909090909,21.0,0.6666666666666666,23.0,0.6086956521739131,24.0,0.7083333333333334
50,True,90,79,6,3,3,both_feet|both_fists|left_fist|right_fist,both_feet|both_fists|left_fist|right_fist,True,True,True,False,ELIGIBLE,eligible under primary rule,24,23,21,22,23,18,22,16,03-04|05-06|07-08|09-10|11-12|13-14,24,23,3,True,ELIGIBLE,21,22,3,True,ELIGIBLE,23,18,3,True,ELIGIBLE,22,16,3,True,ELIGIBLE,45,45,3,True,ELIGIBLE,45,34,3,True,ELIGIBLE,True,STRICT_CELL_EPOCHS,24.0,1.0,23.0,1.0,21.0,1.0,22.0,1.0,23.0,1.0,18.0,1.0,22.0,1.0,16.0,1.0
51,True,90,90,6,3,3,both_feet|both_fists|left_fist|right_fist,both_feet|both_fists|left_fist|right_fist,True,True,True,True,ELIGIBLE,eligible under primary rule,23,24,22,21,22,21,23,24,03-04|05-06|07-08|09-10|11-12|13-14,23,24,3,True,ELIGIBLE,22,21,3,True,ELIGIBLE,22,21,3,True,ELIGIBLE,23,24,3,True,ELIGIBLE,45,45,3,True,ELIGIBLE,45,45,3,True,ELIGIBLE,True,ELIGIBLE,23.0,1.0,24.0,1.0,22.0,1.0,21.0,1.0,22.0,1.0,21.0,1.0,23.0,1.0,24.0,1.0
52,True,63,72,6,3,3,both_feet|both_fists|left_fist|right_fist,both_feet|both_fists|left_fist|right_fist,True,True,True,False,ELIGIBLE,eligible under primary rule,17,19,14,14,14,19,18,20,03-04|05-06|07-08|09-10|11-12|13-14,17,19,3,True,ELIGIBLE,14,14,3,False,INSUFFICIENT_MOVEMENT_ME|INSUFFICIENT_MOVEMENT_MI,14,19,3,False,INSUFFICIENT_MOVEMENT_ME,18,20,3,True,ELIGIBLE,31,33,3,True,ELIGIBLE,32,39,3,True,ELIGIBLE,True,STRICT_CELL_EPOCHS|STRICT_CELL_FRACTION,22.0,0.7727272727272727,24.0,0.7916666666666666,23.0,0.6086956521739131,21.0,0.6666666666666666,22.0,0.6363636363636364,22.0,0.8636363636363636,23.0,0.782608695652174,23.0,0.8695652173913043
53,True,88,86,6,3,3,both_feet|both_fists|left_fist|right_fist,both_feet|both_fists|left_fist|right_fist,True,True,True,True,ELIGIBLE,eligible under primary rule,20,21,23,22,22,22,23,21,03-04|05-06|07-08|09-10|11-12|13-14,20,21,3,True,ELIGIBLE,23,22,3,True,ELIGIBLE,22,22,3,True,ELIGIBLE,23,21,3,True,ELIGIBLE,43,43,3,True,ELIGIBLE,45,43,3,True,ELIGIBLE,True,ELIGIBLE,22.0,0.9090909090909091,22.0,0.9545454545454546,23.0,1.0,23.0,0.9565217391304348,22.0,1.0,23.0,0.9565217391304348,23.0,1.0,22.0,0.9545454545454546
54,True,53,53,6,3,3,both_feet|both_fists|left_fist|right_fist,both_feet|both_fists|left_fist|right_fist,True,True,True,False,ELIGIBLE,eligible under primary rule,14,13,17,13,7,11,15,16,03-04|05-06|07-08|09-10|11-12|13-14,14,13,3,False,INSUFFICIENT_MOVEMENT_ME|INSUFFICIENT_MOVEMENT_MI,17,13,3,False,INSUFFICIENT_MOVEMENT_MI,7,11,3,False,INSUFFICIENT_MOVEMENT_ME|INSUFFICIENT_MOVEMENT_MI,15,16,3,True,ELIGIBLE,31,26,3,True,ELIGIBLE,22,27,3,True,ELIGIBLE,True,STRICT_CELL_EPOCHS|STRICT_CELL_FRACTION,22.0,0.6363636363636364,23.0,0.5652173913043478,23.0,0.7391304347826086,21.0,0.6190476190476191,21.0,0.3333333333333333,23.0,0.4782608695652174,24.0,0.625,22.0,0.7272727272727273
55,True,90,90,6,3,3,both_feet|both_fists|left_fist|right_fist,both_feet|both_fists|left_fist|right_fist,True,True,True,True,ELIGIBLE,eligible under primary rule,22,23,23,22,23,23,22,22,03-04|05-06|07-08|09-10|11-12|13-14,22,23,3,True,ELIGIBLE,23,22,3,True,ELIGIBLE,23,23,3,True,ELIGIBLE,22,22,3,True,ELIGIBLE,45,45,3,True,ELIGIBLE,45,45,3,True,ELIGIBLE,True,ELIGIBLE,22.0,1.0,23.0,1.0,23.0,1.0,22.0,1.0,23.0,1.0,23.0,1.0,22.0,1.0,22.0,1.0
56,True,51,53,6,3,3,both_feet|both_fists|left_fist|right_fist,both_feet|both_fists|left_fist|right_fist,True,True,True,False,ELIGIBLE,eligible under primary rule,10,17,9,10,17,13,15,13,03-04|05-06|07-08|09-10|11-12|13-14,10,17,3,False,INSUFFICIENT_MOVEMENT_ME,9,10,2,False,INSUFFICIENT_MOVEMENT_ME|INSUFFICIENT_MOVEMENT_MI,17,13,3,False,INSUFFICIENT_MOVEMENT_MI,15,13,3,False,INSUFFICIENT_MOVEMENT_MI,19,27,3,True,ELIGIBLE,32,26,3,True,ELIGIBLE,True,STRICT_CELL_EPOCHS|STRICT_CELL_FRACTION,23.0,0.43478260869565216,22.0,0.7727272727272727,22.0,0.4090909090909091,23.0,0.43478260869565216,23.0,0.7391304347826086,23.0,0.5652173913043478,22.0,0.6818181818181818,22.0,0.5909090909090909
57,True,86,88,6,3,3,both_feet|both_fists|left_fist|right_fist,both_feet|both_fists|left_fist|right_fist,True,True,True,False,ELIGIBLE,eligible under primary rule,24,24,21,21,22,22,19,21,03-04|05-06|07-08|09-10|11-12|13-14,24,24,3,True,ELIGIBLE,21,21,3,True,ELIGIBLE,22,22,3,True,ELIGIBLE,19,21,3,True,ELIGIBLE,45,45,3,True,ELIGIBLE,41,43,3,True,ELIGIBLE,True,STRICT_CELL_EPOCHS,24.0,1.0,24.0,1.0,21.0,1.0,21.0,1.0,22.0,1.0,22.0,1.0,20.0,0.95,23.0,0.9130434782608695
58,True,90,88,6,3,3,both_feet|both_fists|left_fist|right_fist,both_feet|both_fists|left_fist|right_fist,True,True,True,True,ELIGIBLE,eligible under primary rule,23,24,22,21,23,21,22,22,03-04|05-06|07-08|09-10|11-12|13-14,23,24,3,True,ELIGIBLE,22,21,3,True,ELIGIBLE,23,21,3,True,ELIGIBLE,22,22,3,True,ELIGIBLE,45,45,3,True,ELIGIBLE,45,43,3,True,ELIGIBLE,True,ELIGIBLE,23.0,1.0,24.0,1.0,22.0,1.0,21.0,1.0,23.0,1.0,23.0,0.9130434782608695,22.0,1.0,22.0,1.0
59,True,88,85,6,3,3,both_feet|both_fists|left_fist|right_fist,both_feet|both_fists|left_fist|right_fist,True,True,True,False,ELIGIBLE,eligible under primary rule,21,21,23,19,21,22,23,23,03-04|05-06|07-08|09-10|11-12|13-14,21,21,3,True,ELIGIBLE,23,19,3,True,ELIGIBLE,21,22,3,True,ELIGIBLE,23,23,3,True,ELIGIBLE,44,40,3,True,ELIGIBLE,44,45,3,True,ELIGIBLE,True,STRICT_CELL_EPOCHS,22.0,0.9545454545454546,21.0,1.0,23.0,1.0,20.0,0.95,22.0,0.9545454545454546,22.0,1.0,23.0,1.0,23.0,1.0
60,True,82,87,6,3,3,both_feet|both_fists|left_fist|right_fist,both_feet|both_fists|left_fist|right_fist,True,True,True,False,ELIGIBLE,eligible under primary rule,22,23,19,22,23,19,18,23,03-04|05-06|07-08|09-10|11-12|13-14,22,23,3,True,ELIGIBLE,19,22,3,True,ELIGIBLE,23,19,3,True,ELIGIBLE,18,23,3,True,ELIGIBLE,41,45,3,True,ELIGIBLE,41,42,3,True,ELIGIBLE,True,STRICT_CELL_EPOCHS,23.0,0.9565217391304348,23.0,1.0,22.0,0.8636363636363636,22.0,1.0,23.0,1.0,21.0,0.9047619047619048,22.0,0.8181818181818182,24.0,0.9583333333333334
61,True,90,89,6,3,3,both_feet|both_fists|left_fist|right_fist,both_feet|both_fists|left_fist|right_fist,True,True,True,True,ELIGIBLE,eligible under primary rule,24,22,21,22,23,24,22,21,03-04|05-06|07-08|09-10|11-12|13-14,24,22,3,True,ELIGIBLE,21,22,3,True,ELIGIBLE,23,24,3,True,ELIGIBLE,22,21,3,True,ELIGIBLE,45,44,3,True,ELIGIBLE,45,45,3,True,ELIGIBLE,True,ELIGIBLE,24.0,1.0,22.0,1.0,21.0,1.0,23.0,0.9565217391304348,23.0,1.0,24.0,1.0,22.0,1.0,21.0,1.0
62,True,89,84,6,3,3,both_feet|both_fists|left_fist|right_fist,both_feet|both_fists|left_fist|right_fist,True,True,True,False,ELIGIBLE,eligible under primary rule,22,23,22,22,23,20,22,19,03-04|05-06|07-08|09-10|11-12|13-14,22,23,3,True,ELIGIBLE,22,22,3,True,ELIGIBLE,23,20,3,True,ELIGIBLE,22,19,3,True,ELIGIBLE,44,45,3,True,ELIGIBLE,45,39,3,True,ELIGIBLE,True,STRICT_CELL_EPOCHS,22.0,1.0,23.0,1.0,23.0,0.9565217391304348,22.0,1.0,23.0,1.0,20.0,1.0,22.0,1.0,20.0,0.95
63,True,87,88,6,3,3,both_feet|both_fists|left_fist|right_fist,both_feet|both_fists|left_fist|right_fist,True,True,True,True,ELIGIBLE,eligible under primary rule,22,21,23,22,21,22,21,23,03-04|05-06|07-08|09-10|11-12|13-14,22,21,3,True,ELIGIBLE,23,22,3,True,ELIGIBLE,21,22,3,True,ELIGIBLE,21,23,3,True,ELIGIBLE,45,43,3,True,ELIGIBLE,42,45,3,True,ELIGIBLE,True,ELIGIBLE,22.0,1.0,22.0,0.9545454545454546,23.0,1.0,23.0,0.9565217391304348,23.0,0.9130434782608695,22.0,1.0,22.0,0.9545454545454546,23.0,1.0
64,True,90,90,6,3,3,both_feet|both_fists|left_fist|right_fist,both_feet|both_fists|left_fist|right_fist,True,True,True,True,ELIGIBLE,eligible under primary rule,24,23,21,22,22,22,23,23,03-04|05-06|07-08|09-10|11-12|13-14,24,23,3,True,ELIGIBLE,21,22,3,True,ELIGIBLE,22,22,3,True,ELIGIBLE,23,23,3,True,ELIGIBLE,45,45,3,True,ELIGIBLE,45,45,3,True,ELIGIBLE,True,ELIGIBLE,24.0,1.0,23.0,1.0,21.0,1.0,22.0,1.0,22.0,1.0,22.0,1.0,23.0,1.0,23.0,1.0
65,True,85,88,6,3,3,both_feet|both_fists|left_fist|right_fist,both_feet|both_fists|left_fist|right_fist,True,True,True,False,ELIGIBLE,eligible under primary rule,22,23,23,20,23,22,17,23,03-04|05-06|07-08|09-10|11-12|13-14,22,23,3,True,ELIGIBLE,23,20,3,True,ELIGIBLE,23,22,3,True,ELIGIBLE,17,23,3,True,ELIGIBLE,45,43,3,True,ELIGIBLE,40,45,3,True,ELIGIBLE,True,STRICT_CELL_EPOCHS|STRICT_CELL_FRACTION,22.0,1.0,24.0,0.9583333333333334,23.0,1.0,21.0,0.9523809523809523,23.0,1.0,22.0,1.0,22.0,0.7727272727272727,23.0,1.0
66,True,89,81,6,3,3,both_feet|both_fists|left_fist|right_fist,both_feet|both_fists|left_fist|right_fist,True,True,True,False,ELIGIBLE,eligible under primary rule,24,18,20,18,22,22,23,23,03-04|05-06|07-08|09-10|11-12|13-14,24,18,3,True,ELIGIBLE,20,18,3,True,ELIGIBLE,22,22,3,True,ELIGIBLE,23,23,3,True,ELIGIBLE,44,36,3,True,ELIGIBLE,45,45,3,True,ELIGIBLE,True,STRICT_CELL_EPOCHS,24.0,1.0,18.0,1.0,21.0,0.9523809523809523,19.0,0.9473684210526315,22.0,1.0,22.0,1.0,23.0,1.0,23.0,1.0
67,True,90,90,6,3,3,both_feet|both_fists|left_fist|right_fist,both_feet|both_fists|left_fist|right_fist,True,True,True,True,ELIGIBLE,eligible under primary rule,22,22,23,23,21,23,24,22,03-04|05-06|07-08|09-10|11-12|13-14,22,22,3,True,ELIGIBLE,23,23,3,True,ELIGIBLE,21,23,3,True,ELIGIBLE,24,22,3,True,ELIGIBLE,45,45,3,True,ELIGIBLE,45,45,3,True,ELIGIBLE,True,ELIGIBLE,22.0,1.0,22.0,1.0,23.0,1.0,23.0,1.0,21.0,1.0,23.0,1.0,24.0,1.0,22.0,1.0
68,True,88,89,6,3,3,both_feet|both_fists|left_fist|right_fist,both_feet|both_fists|left_fist|right_fist,True,True,True,True,ELIGIBLE,eligible under primary rule,23,22,21,22,22,22,22,23,03-04|05-06|07-08|09-10|11-12|13-14,23,22,3,True,ELIGIBLE,21,22,3,True,ELIGIBLE,22,22,3,True,ELIGIBLE,22,23,3,True,ELIGIBLE,44,44,3,True,ELIGIBLE,44,45,3,True,ELIGIBLE,True,ELIGIBLE,23.0,1.0,22.0,1.0,22.0,0.9545454545454546,23.0,0.9565217391304348,23.0,0.9565217391304348,22.0,1.0,22.0,1.0,23.0,1.0
69,True,90,90,6,3,3,both_feet|both_fists|left_fist|right_fist,both_feet|both_fists|left_fist|right_fist,True,True,True,True,ELIGIBLE,eligible under primary rule,23,24,22,21,23,22,22,23,03-04|05-06|07-08|09-10|11-12|13-14,23,24,3,True,ELIGIBLE,22,21,3,True,ELIGIBLE,23,22,3,True,ELIGIBLE,22,23,3,True,ELIGIBLE,45,45,3,True,ELIGIBLE,45,45,3,True,ELIGIBLE,True,ELIGIBLE,23.0,1.0,24.0,1.0,22.0,1.0,21.0,1.0,23.0,1.0,22.0,1.0,22.0,1.0,23.0,1.0
70,True,90,90,6,3,3,both_feet|both_fists|left_fist|right_fist,both_feet|both_fists|left_fist|right_fist,True,True,True,True,ELIGIBLE,eligible under primary rule,23,22,22,23,22,23,23,22,03-04|05-06|07-08|09-10|11-12|13-14,23,22,3,True,ELIGIBLE,22,23,3,True,ELIGIBLE,22,23,3,True,ELIGIBLE,23,22,3,True,ELIGIBLE,45,45,3,True,ELIGIBLE,45,45,3,True,ELIGIBLE,True,ELIGIBLE,23.0,1.0,22.0,1.0,22.0,1.0,23.0,1.0,22.0,1.0,23.0,1.0,23.0,1.0,22.0,1.0
71,True,90,90,6,3,3,both_feet|both_fists|left_fist|right_fist,both_feet|both_fists|left_fist|right_fist,True,True,True,True,ELIGIBLE,eligible under primary rule,23,22,22,23,22,23,23,22,03-04|05-06|07-08|09-10|11-12|13-14,23,22,3,True,ELIGIBLE,22,23,3,True,ELIGIBLE,22,23,3,True,ELIGIBLE,23,22,3,True,ELIGIBLE,45,45,3,True,ELIGIBLE,45,45,3,True,ELIGIBLE,True,ELIGIBLE,23.0,1.0,22.0,1.0,22.0,1.0,23.0,1.0,22.0,1.0,23.0,1.0,23.0,1.0,22.0,1.0
72,True,90,90,6,3,3,both_feet|both_fists|left_fist|right_fist,both_feet|both_fists|left_fist|right_fist,True,True,True,True,ELIGIBLE,eligible under primary rule,23,22,22,23,22,22,23,23,03-04|05-06|07-08|09-10|11-12|13-14,23,22,3,True,ELIGIBLE,22,23,3,True,ELIGIBLE,22,22,3,True,ELIGIBLE,23,23,3,True,ELIGIBLE,45,45,3,True,ELIGIBLE,45,45,3,True,ELIGIBLE,True,ELIGIBLE,23.0,1.0,22.0,1.0,22.0,1.0,23.0,1.0,22.0,1.0,22.0,1.0,23.0,1.0,23.0,1.0
73,True,90,82,6,3,3,both_feet|both_fists|left_fist|right_fist,both_feet|both_fists|left_fist|right_fist,True,True,True,False,ELIGIBLE,eligible under primary rule,22,18,23,19,22,23,23,22,03-04|05-06|07-08|09-10|11-12|13-14,22,18,3,True,ELIGIBLE,23,19,3,True,ELIGIBLE,22,23,3,True,ELIGIBLE,23,22,3,True,ELIGIBLE,45,37,3,True,ELIGIBLE,45,45,3,True,ELIGIBLE,True,STRICT_CELL_EPOCHS,22.0,1.0,18.0,1.0,23.0,1.0,19.0,1.0,22.0,1.0,23.0,1.0,23.0,1.0,22.0,1.0
74,True,90,90,6,3,3,both_feet|both_fists|left_fist|right_fist,both_feet|both_fists|left_fist|right_fist,True,True,True,True,ELIGIBLE,eligible under primary rule,24,24,21,21,21,23,24,22,03-04|05-06|07-08|09-10|11-12|13-14,24,24,3,True,ELIGIBLE,21,21,3,True,ELIGIBLE,21,23,3,True,ELIGIBLE,24,22,3,True,ELIGIBLE,45,45,3,True,ELIGIBLE,45,45,3,True,ELIGIBLE,True,ELIGIBLE,24.0,1.0,24.0,1.0,21.0,1.0,21.0,1.0,21.0,1.0,23.0,1.0,24.0,1.0,22.0,1.0
75,True,69,67,6,3,3,both_feet|both_fists|left_fist|right_fist,both_feet|both_fists|left_fist|right_fist,True,True,True,False,ELIGIBLE,eligible under primary rule,20,14,18,16,15,16,16,21,03-04|05-06|07-08|09-10|11-12|13-14,20,14,3,False,INSUFFICIENT_MOVEMENT_MI,18,16,3,True,ELIGIBLE,15,16,3,True,ELIGIBLE,16,21,3,True,ELIGIBLE,38,30,3,True,ELIGIBLE,31,37,3,True,ELIGIBLE,True,STRICT_CELL_EPOCHS|STRICT_CELL_FRACTION,22.0,0.9090909090909091,22.0,0.6363636363636364,23.0,0.782608695652174,23.0,0.6956521739130435,22.0,0.6818181818181818,21.0,0.7619047619047619,23.0,0.6956521739130435,24.0,0.875
76,True,83,90,6,3,3,both_feet|both_fists|left_fist|right_fist,both_feet|both_fists|left_fist|right_fist,True,True,True,False,ELIGIBLE,eligible under primary rule,19,23,19,22,22,23,23,22,03-04|05-06|07-08|09-10|11-12|13-14,19,23,3,True,ELIGIBLE,19,22,3,True,ELIGIBLE,22,23,3,True,ELIGIBLE,23,22,3,True,ELIGIBLE,38,45,3,True,ELIGIBLE,45,45,3,True,ELIGIBLE,True,STRICT_CELL_EPOCHS,19.0,1.0,23.0,1.0,20.0,0.95,22.0,1.0,22.0,1.0,23.0,1.0,23.0,1.0,22.0,1.0
77,True,63,87,6,3,3,both_feet|both_fists|left_fist|right_fist,both_feet|both_fists|left_fist|right_fist,True,True,True,False,ELIGIBLE,eligible under primary rule,19,21,20,24,23,20,1,22,03-04|05-06|07-08|09-10|11-12|13-14,19,21,3,True,ELIGIBLE,20,24,3,True,ELIGIBLE,23,20,3,True,ELIGIBLE,1,22,1,False,INSUFFICIENT_MOVEMENT_ME|INSUFFICIENT_MOVEMENT_PAIRS,39,45,3,True,ELIGIBLE,24,42,3,True,ELIGIBLE,True,STRICT_CELL_EPOCHS|STRICT_CELL_FRACTION,21.0,0.9047619047619048,21.0,1.0,24.0,0.8333333333333334,24.0,1.0,23.0,1.0,22.0,0.9090909090909091,22.0,0.045454545454545456,23.0,0.9565217391304348
78,True,88,80,6,3,3,both_feet|both_fists|left_fist|right_fist,both_feet|both_fists|left_fist|right_fist,True,True,True,False,ELIGIBLE,eligible under primary rule,22,23,23,21,22,18,21,18,03-04|05-06|07-08|09-10|11-12|13-14,22,23,3,True,ELIGIBLE,23,21,3,True,ELIGIBLE,22,18,3,True,ELIGIBLE,21,18,3,True,ELIGIBLE,45,44,3,True,ELIGIBLE,43,36,3,True,ELIGIBLE,True,STRICT_CELL_EPOCHS,22.0,1.0,23.0,1.0,23.0,1.0,22.0,0.9545454545454546,23.0,0.9565217391304348,18.0,1.0,22.0,0.9545454545454546,18.0,1.0
79,True,68,69,6,3,3,both_feet|both_fists|left_fist|right_fist,both_feet|both_fists|left_fist|right_fist,True,True,True,False,ELIGIBLE,eligible under primary rule,16,17,17,16,16,13,19,23,03-04|05-06|07-08|09-10|11-12|13-14,16,17,3,True,ELIGIBLE,17,16,3,True,ELIGIBLE,16,13,3,False,INSUFFICIENT_MOVEMENT_MI,19,23,3,True,ELIGIBLE,33,33,3,True,ELIGIBLE,35,36,3,True,ELIGIBLE,True,STRICT_CELL_EPOCHS|STRICT_CELL_FRACTION,23.0,0.6956521739130435,22.0,0.7727272727272727,22.0,0.7727272727272727,23.0,0.6956521739130435,22.0,0.7272727272727273,21.0,0.6190476190476191,23.0,0.8260869565217391,24.0,0.9583333333333334
80,True,85,86,6,3,3,both_feet|both_fists|left_fist|right_fist,both_feet|both_fists|left_fist|right_fist,True,True,True,False,ELIGIBLE,eligible under primary rule,22,23,21,22,22,22,20,19,03-04|05-06|07-08|09-10|11-12|13-14,22,23,3,True,ELIGIBLE,21,22,3,True,ELIGIBLE,22,22,3,True,ELIGIBLE,20,19,3,True,ELIGIBLE,43,45,3,True,ELIGIBLE,42,41,3,True,ELIGIBLE,True,STRICT_CELL_EPOCHS,23.0,0.9565217391304348,23.0,1.0,22.0,0.9545454545454546,22.0,1.0,22.0,1.0,24.0,0.9166666666666666,23.0,0.8695652173913043,21.0,0.9047619047619048
81,True,90,90,6,3,3,both_feet|both_fists|left_fist|right_fist,both_feet|both_fists|left_fist|right_fist,True,True,True,True,ELIGIBLE,eligible under primary rule,22,22,23,23,21,22,24,23,03-04|05-06|07-08|09-10|11-12|13-14,22,22,3,True,ELIGIBLE,23,23,3,True,ELIGIBLE,21,22,3,True,ELIGIBLE,24,23,3,True,ELIGIBLE,45,45,3,True,ELIGIBLE,45,45,3,True,ELIGIBLE,True,ELIGIBLE,22.0,1.0,22.0,1.0,23.0,1.0,23.0,1.0,21.0,1.0,22.0,1.0,24.0,1.0,23.0,1.0
82,True,90,90,6,3,3,both_feet|both_fists|left_fist|right_fist,both_feet|both_fists|left_fist|right_fist,True,True,True,True,ELIGIBLE,eligible under primary rule,22,23,23,22,24,24,21,21,03-04|05-06|07-08|09-10|11-12|13-14,22,23,3,True,ELIGIBLE,23,22,3,True,ELIGIBLE,24,24,3,True,ELIGIBLE,21,21,3,True,ELIGIBLE,45,45,3,True,ELIGIBLE,45,45,3,True,ELIGIBLE,True,ELIGIBLE,22.0,1.0,23.0,1.0,23.0,1.0,22.0,1.0,24.0,1.0,24.0,1.0,21.0,1.0,21.0,1.0
83,True,85,86,6,3,3,both_feet|both_fists|left_fist|right_fist,both_feet|both_fists|left_fist|right_fist,True,True,True,True,ELIGIBLE,eligible under primary rule,21,22,23,23,20,21,21,20,03-04|05-06|07-08|09-10|11-12|13-14,21,22,3,True,ELIGIBLE,23,23,3,True,ELIGIBLE,20,21,3,True,ELIGIBLE,21,20,3,True,ELIGIBLE,44,45,3,True,ELIGIBLE,41,41,3,True,ELIGIBLE,True,ELIGIBLE,22.0,0.9545454545454546,22.0,1.0,23.0,1.0,23.0,1.0,22.0,0.9090909090909091,22.0,0.9545454545454546,23.0,0.9130434782608695,23.0,0.8695652173913043
84,True,87,89,6,3,3,both_feet|both_fists|left_fist|right_fist,both_feet|both_fists|left_fist|right_fist,True,True,True,False,ELIGIBLE,eligible under primary rule,23,23,19,22,23,22,22,22,03-04|05-06|07-08|09-10|11-12|13-14,23,23,3,True,ELIGIBLE,19,22,3,True,ELIGIBLE,23,22,3,True,ELIGIBLE,22,22,3,True,ELIGIBLE,42,45,3,True,ELIGIBLE,45,44,3,True,ELIGIBLE,True,STRICT_CELL_EPOCHS,24.0,0.9583333333333334,23.0,1.0,21.0,0.9047619047619048,22.0,1.0,23.0,1.0,22.0,1.0,22.0,1.0,23.0,0.9565217391304348
85,True,89,84,6,3,3,both_feet|both_fists|left_fist|right_fist,both_feet|both_fists|left_fist|right_fist,True,True,True,False,ELIGIBLE,eligible under primary rule,22,22,23,19,22,22,22,21,03-04|05-06|07-08|09-10|11-12|13-14,22,22,3,True,ELIGIBLE,23,19,3,True,ELIGIBLE,22,22,3,True,ELIGIBLE,22,21,3,True,ELIGIBLE,45,41,3,True,ELIGIBLE,44,43,3,True,ELIGIBLE,True,STRICT_CELL_EPOCHS,22.0,1.0,23.0,0.9565217391304348,23.0,1.0,22.0,0.8636363636363636,22.0,1.0,23.0,0.9565217391304348,23.0,0.9565217391304348,22.0,0.9545454545454546
86,True,70,87,6,3,3,both_feet|both_fists|left_fist|right_fist,both_feet|both_fists|left_fist|right_fist,True,True,True,False,ELIGIBLE,eligible under primary rule,16,19,18,23,16,21,20,24,03-04|05-06|07-08|09-10|11-12|13-14,16,19,3,True,ELIGIBLE,18,23,3,True,ELIGIBLE,16,21,3,True,ELIGIBLE,20,24,3,True,ELIGIBLE,34,42,3,True,ELIGIBLE,36,45,3,True,ELIGIBLE,True,STRICT_CELL_EPOCHS|STRICT_CELL_FRACTION,22.0,0.7272727272727273,22.0,0.8636363636363636,23.0,0.782608695652174,23.0,1.0,23.0,0.6956521739130435,21.0,1.0,22.0,0.9090909090909091,24.0,1.0
87,True,84,88,6,3,3,both_feet|both_fists|left_fist|right_fist,both_feet|both_fists|left_fist|right_fist,True,True,True,False,ELIGIBLE,eligible under primary rule,19,22,20,23,21,21,24,22,03-04|05-06|07-08|09-10|11-12|13-14,19,22,3,True,ELIGIBLE,20,23,3,True,ELIGIBLE,21,21,3,True,ELIGIBLE,24,22,3,True,ELIGIBLE,39,45,3,True,ELIGIBLE,45,43,3,True,ELIGIBLE,True,STRICT_CELL_EPOCHS,21.0,0.9047619047619048,22.0,1.0,24.0,0.8333333333333334,23.0,1.0,21.0,1.0,23.0,0.9130434782608695,24.0,1.0,22.0,1.0
88,True,101,96,6,3,3,both_feet|both_fists|left_fist|right_fist,both_feet|both_fists|left_fist|right_fist,True,True,True,True,ELIGIBLE,eligible under primary rule,26,24,26,25,25,26,24,21,03-04|05-06|07-08|09-10|11-12|13-14,26,24,3,True,ELIGIBLE,26,25,3,True,ELIGIBLE,25,26,3,True,ELIGIBLE,24,21,3,True,ELIGIBLE,52,49,3,True,ELIGIBLE,49,47,3,True,ELIGIBLE,True,ELIGIBLE,28.0,0.9285714285714286,29.0,0.8275862068965517,29.0,0.896551724137931,28.0,0.8928571428571429,30.0,0.8333333333333334,28.0,0.9285714285714286,27.0,0.8888888888888888,25.0,0.84
89,True,97,90,6,3,3,both_feet|both_fists|left_fist|right_fist,both_feet|both_fists|left_fist|right_fist,True,True,True,True,ELIGIBLE,eligible under primary rule,26,24,26,21,22,24,23,21,03-04|05-06|07-08|09-10|11-12|13-14,26,24,3,True,ELIGIBLE,26,21,3,True,ELIGIBLE,22,24,3,True,ELIGIBLE,23,21,3,True,ELIGIBLE,52,45,3,True,ELIGIBLE,45,45,3,True,ELIGIBLE,True,ELIGIBLE,26.0,1.0,24.0,1.0,26.0,1.0,21.0,1.0,22.0,1.0,24.0,1.0,23.0,1.0,21.0,1.0
90,True,88,88,6,3,3,both_feet|both_fists|left_fist|right_fist,both_feet|both_fists|left_fist|right_fist,True,True,True,True,ELIGIBLE,eligible under primary rule,21,21,23,23,23,22,21,22,03-04|05-06|07-08|09-10|11-12|13-14,21,21,3,True,ELIGIBLE,23,23,3,True,ELIGIBLE,23,22,3,True,ELIGIBLE,21,22,3,True,ELIGIBLE,44,44,3,True,ELIGIBLE,44,44,3,True,ELIGIBLE,True,ELIGIBLE,21.0,1.0,22.0,0.9545454545454546,24.0,0.9583333333333334,23.0,1.0,23.0,1.0,22.0,1.0,22.0,0.9545454545454546,23.0,0.9565217391304348
91,True,62,86,6,3,3,both_feet|both_fists|left_fist|right_fist,both_feet|both_fists|left_fist|right_fist,True,True,True,False,ELIGIBLE,eligible under primary rule,8,22,11,21,20,20,23,23,03-04|05-06|07-08|09-10|11-12|13-14,8,22,2,False,INSUFFICIENT_MOVEMENT_ME,11,21,3,False,INSUFFICIENT_MOVEMENT_ME,20,20,3,True,ELIGIBLE,23,23,3,True,ELIGIBLE,19,43,3,True,ELIGIBLE,43,43,3,True,ELIGIBLE,True,STRICT_CELL_EPOCHS|STRICT_CELL_FRACTION,17.0,0.47058823529411764,22.0,1.0,16.0,0.6875,23.0,0.9130434782608695,22.0,0.9090909090909091,22.0,0.9090909090909091,23.0,1.0,23.0,1.0
92,True,94,77,6,3,3,both_feet|both_fists|left_fist|right_fist,both_feet|both_fists|left_fist|right_fist,True,True,True,False,ELIGIBLE,eligible under primary rule,24,20,26,23,20,18,24,16,03-04|05-06|07-08|09-10|11-12|13-14,24,20,3,True,ELIGIBLE,26,23,3,True,ELIGIBLE,20,18,3,True,ELIGIBLE,24,16,3,True,ELIGIBLE,50,43,3,True,ELIGIBLE,44,34,3,True,ELIGIBLE,True,STRICT_CELL_EPOCHS|STRICT_CELL_FRACTION,30.0,0.8,27.0,0.7407407407407407,27.0,0.9629629629629629,30.0,0.7666666666666667,29.0,0.6896551724137931,30.0,0.6,28.0,0.8571428571428571,27.0,0.5925925925925926
93,True,79,90,6,3,3,both_feet|both_fists|left_fist|right_fist,both_feet|both_fists|left_fist|right_fist,True,True,True,False,ELIGIBLE,eligible under primary rule,22,23,22,22,17,23,18,22,03-04|05-06|07-08|09-10|11-12|13-14,22,23,3,True,ELIGIBLE,22,22,3,True,ELIGIBLE,17,23,3,True,ELIGIBLE,18,22,3,True,ELIGIBLE,44,45,3,True,ELIGIBLE,35,45,3,True,ELIGIBLE,True,STRICT_CELL_EPOCHS,23.0,0.9565217391304348,23.0,1.0,22.0,1.0,22.0,1.0,17.0,1.0,23.0,1.0,18.0,1.0,22.0,1.0
94,True,86,85,6,3,3,both_feet|both_fists|left_fist|right_fist,both_feet|both_fists|left_fist|right_fist,True,True,True,True,ELIGIBLE,eligible under primary rule,21,20,22,22,21,21,22,22,03-04|05-06|07-08|09-10|11-12|13-14,21,20,3,True,ELIGIBLE,22,22,3,True,ELIGIBLE,21,21,3,True,ELIGIBLE,22,22,3,True,ELIGIBLE,43,42,3,True,ELIGIBLE,43,43,3,True,ELIGIBLE,True,ELIGIBLE,23.0,0.9130434782608695,22.0,0.9090909090909091,22.0,1.0,23.0,0.9565217391304348,22.0,0.9545454545454546,22.0,0.9545454545454546,23.0,0.9565217391304348,23.0,0.9565217391304348
95,True,64,60,5,2,3,both_feet|both_fists|left_fist|right_fist,both_feet|both_fists|left_fist|right_fist,True,True,True,False,ELIGIBLE,eligible under primary rule,13,15,15,13,16,16,20,16,05-06|07-08|09-10|11-12|13-14,13,15,2,False,INSUFFICIENT_MOVEMENT_ME,15,13,2,False,INSUFFICIENT_MOVEMENT_MI,16,16,3,True,ELIGIBLE,20,16,3,True,ELIGIBLE,28,28,2,True,ELIGIBLE,36,32,3,True,ELIGIBLE,True,STRICT_CELL_EPOCHS|STRICT_CELL_FRACTION,22.0,0.5909090909090909,23.0,0.6521739130434783,23.0,0.6521739130434783,22.0,0.5909090909090909,21.0,0.7619047619047619,22.0,0.7272727272727273,24.0,0.8333333333333334,23.0,0.6956521739130435
96,True,74,64,6,3,3,both_feet|both_fists|left_fist|right_fist,both_feet|both_fists|left_fist|right_fist,True,True,True,False,ELIGIBLE,eligible under primary rule,18,15,17,14,20,17,19,18,03-04|05-06|07-08|09-10|11-12|13-14,18,15,3,True,ELIGIBLE,17,14,3,False,INSUFFICIENT_MOVEMENT_MI,20,17,3,True,ELIGIBLE,19,18,3,True,ELIGIBLE,35,29,3,True,ELIGIBLE,39,35,3,True,ELIGIBLE,True,STRICT_CELL_EPOCHS|STRICT_CELL_FRACTION,22.0,0.8181818181818182,20.0,0.75,23.0,0.7391304347826086,19.0,0.7368421052631579,24.0,0.8333333333333334,21.0,0.8095238095238095,21.0,0.9047619047619048,24.0,0.75
97,True,89,74,6,3,3,both_feet|both_fists|left_fist|right_fist,both_feet|both_fists|left_fist|right_fist,True,True,True,False,ELIGIBLE,eligible under primary rule,22,14,23,16,23,22,21,22,03-04|05-06|07-08|09-10|11-12|13-14,22,14,3,False,INSUFFICIENT_MOVEMENT_MI,23,16,3,True,ELIGIBLE,23,22,3,True,ELIGIBLE,21,22,3,True,ELIGIBLE,45,30,3,True,ELIGIBLE,44,44,3,True,ELIGIBLE,True,STRICT_CELL_EPOCHS,22.0,1.0,16.0,0.875,23.0,1.0,17.0,0.9411764705882353,24.0,0.9583333333333334,23.0,0.9565217391304348,21.0,1.0,22.0,1.0
98,True,90,90,6,3,3,both_feet|both_fists|left_fist|right_fist,both_feet|both_fists|left_fist|right_fist,True,True,True,True,ELIGIBLE,eligible under primary rule,22,23,23,22,23,21,22,24,03-04|05-06|07-08|09-10|11-12|13-14,22,23,3,True,ELIGIBLE,23,22,3,True,ELIGIBLE,23,21,3,True,ELIGIBLE,22,24,3,True,ELIGIBLE,45,45,3,True,ELIGIBLE,45,45,3,True,ELIGIBLE,True,ELIGIBLE,22.0,1.0,23.0,1.0,23.0,1.0,22.0,1.0,23.0,1.0,21.0,1.0,22.0,1.0,24.0,1.0
99,True,40,33,5,2,3,both_feet|both_fists|left_fist|right_fist,both_feet|both_fists|left_fist|right_fist,True,True,False,False,ELIGIBLE,eligible under primary rule,11,5,10,5,10,11,9,12,03-04|05-06|07-08|09-10|13-14,11,5,2,False,INSUFFICIENT_MOVEMENT_ME|INSUFFICIENT_MOVEMENT_MI,10,5,2,False,INSUFFICIENT_MOVEMENT_ME|INSUFFICIENT_MOVEMENT_MI,10,11,3,False,INSUFFICIENT_MOVEMENT_ME|INSUFFICIENT_MOVEMENT_MI,9,12,2,False,INSUFFICIENT_MOVEMENT_ME|INSUFFICIENT_MOVEMENT_MI,21,10,2,False,INSUFFICIENT_MOVEMENT_MI,19,23,3,True,ELIGIBLE,True,STRICT_MODE_EPOCHS|STRICT_CELL_EPOCHS|STRICT_CELL_FRACTION,23.0,0.4782608695652174,22.0,0.22727272727272727,22.0,0.45454545454545453,23.0,0.21739130434782608,23.0,0.43478260869565216,21.0,0.5238095238095238,22.0,0.4090909090909091,24.0,0.5
100,True,70,60,6,3,3,both_feet|both_fists|left_fist|right_fist,both_feet|both_fists|left_fist|right_fist,True,True,True,False,ELIGIBLE,eligible under primary rule,16,18,18,16,18,14,18,12,03-04|05-06|07-08|09-10|11-12|13-14,16,18,3,True,ELIGIBLE,18,16,3,True,ELIGIBLE,18,14,3,False,INSUFFICIENT_MOVEMENT_MI,18,12,3,False,INSUFFICIENT_MOVEMENT_MI,34,34,3,True,ELIGIBLE,36,26,3,True,ELIGIBLE,True,STRICT_CELL_EPOCHS,18.0,0.8888888888888888,18.0,1.0,18.0,1.0,18.0,0.8888888888888888,18.0,1.0,14.0,1.0,18.0,1.0,14.0,0.8571428571428571
101,True,90,90,6,3,3,both_feet|both_fists|left_fist|right_fist,both_feet|both_fists|left_fist|right_fist,True,True,True,True,ELIGIBLE,eligible under primary rule,23,22,22,23,22,24,23,21,03-04|05-06|07-08|09-10|11-12|13-14,23,22,3,True,ELIGIBLE,22,23,3,True,ELIGIBLE,22,24,3,True,ELIGIBLE,23,21,3,True,ELIGIBLE,45,45,3,True,ELIGIBLE,45,45,3,True,ELIGIBLE,True,ELIGIBLE,23.0,1.0,22.0,1.0,22.0,1.0,23.0,1.0,22.0,1.0,24.0,1.0,23.0,1.0,21.0,1.0
102,True,90,90,6,3,3,both_feet|both_fists|left_fist|right_fist,both_feet|both_fists|left_fist|right_fist,True,True,True,True,ELIGIBLE,eligible under primary rule,22,22,23,23,22,23,23,22,03-04|05-06|07-08|09-10|11-12|13-14,22,22,3,True,ELIGIBLE,23,23,3,True,ELIGIBLE,22,23,3,True,ELIGIBLE,23,22,3,True,ELIGIBLE,45,45,3,True,ELIGIBLE,45,45,3,True,ELIGIBLE,True,ELIGIBLE,22.0,1.0,22.0,1.0,23.0,1.0,23.0,1.0,22.0,1.0,23.0,1.0,23.0,1.0,22.0,1.0
103,True,83,83,6,3,3,both_feet|both_fists|left_fist|right_fist,both_feet|both_fists|left_fist|right_fist,True,True,True,False,ELIGIBLE,eligible under primary rule,21,21,18,21,21,20,23,21,03-04|05-06|07-08|09-10|11-12|13-14,21,21,3,True,ELIGIBLE,18,21,3,True,ELIGIBLE,21,20,3,True,ELIGIBLE,23,21,3,True,ELIGIBLE,39,42,3,True,ELIGIBLE,44,41,3,True,ELIGIBLE,True,STRICT_CELL_EPOCHS,21.0,1.0,22.0,0.9545454545454546,19.0,0.9473684210526315,23.0,0.9130434782608695,22.0,0.9545454545454546,22.0,0.9090909090909091,23.0,1.0,23.0,0.9130434782608695
104,True,89,87,6,3,3,both_feet|both_fists|left_fist|right_fist,both_feet|both_fists|left_fist|right_fist,True,True,True,True,ELIGIBLE,eligible under primary rule,22,21,22,21,23,22,22,23,03-04|05-06|07-08|09-10|11-12|13-14,22,21,3,True,ELIGIBLE,22,21,3,True,ELIGIBLE,23,22,3,True,ELIGIBLE,22,23,3,True,ELIGIBLE,44,42,3,True,ELIGIBLE,45,45,3,True,ELIGIBLE,True,ELIGIBLE,23.0,0.9565217391304348,22.0,0.9545454545454546,22.0,1.0,21.0,1.0,23.0,1.0,22.0,1.0,22.0,1.0,23.0,1.0
105,True,69,90,6,3,3,both_feet|both_fists|left_fist|right_fist,both_feet|both_fists|left_fist|right_fist,True,True,True,False,ELIGIBLE,eligible under primary rule,20,23,24,22,23,24,2,21,03-04|05-06|07-08|09-10|11-12|13-14,20,23,3,True,ELIGIBLE,24,22,3,True,ELIGIBLE,23,24,3,True,ELIGIBLE,2,21,1,False,INSUFFICIENT_MOVEMENT_ME|INSUFFICIENT_MOVEMENT_PAIRS,44,45,3,True,ELIGIBLE,25,45,3,True,ELIGIBLE,True,STRICT_CELL_EPOCHS|STRICT_CELL_FRACTION,21.0,0.9523809523809523,23.0,1.0,24.0,1.0,22.0,1.0,23.0,1.0,24.0,1.0,22.0,0.09090909090909091,21.0,1.0
106,True,75,88,6,3,3,both_feet|both_fists|left_fist|right_fist,both_feet|both_fists|left_fist|right_fist,True,True,True,False,ELIGIBLE,eligible under primary rule,19,23,22,21,17,23,17,21,03-04|05-06|07-08|09-10|11-12|13-14,19,23,3,True,ELIGIBLE,22,21,3,True,ELIGIBLE,17,23,3,True,ELIGIBLE,17,21,3,True,ELIGIBLE,41,44,3,True,ELIGIBLE,34,44,3,True,ELIGIBLE,True,STRICT_CELL_EPOCHS,21.0,0.9047619047619048,24.0,0.9583333333333334,23.0,0.9565217391304348,21.0,1.0,17.0,1.0,23.0,1.0,17.0,1.0,22.0,0.9545454545454546
107,True,76,82,6,3,3,both_feet|both_fists|left_fist|right_fist,both_feet|both_fists|left_fist|right_fist,True,True,True,False,ELIGIBLE,eligible under primary rule,20,22,17,20,18,19,21,21,03-04|05-06|07-08|09-10|11-12|13-14,20,22,3,True,ELIGIBLE,17,20,3,True,ELIGIBLE,18,19,3,True,ELIGIBLE,21,21,3,True,ELIGIBLE,37,42,3,True,ELIGIBLE,39,40,3,True,ELIGIBLE,True,STRICT_CELL_EPOCHS|STRICT_CELL_FRACTION,23.0,0.8695652173913043,24.0,0.9166666666666666,22.0,0.7727272727272727,21.0,0.9523809523809523,21.0,0.8571428571428571,22.0,0.8636363636363636,24.0,0.875,23.0,0.9130434782608695
108,True,77,65,6,3,3,both_feet|both_fists|left_fist|right_fist,both_feet|both_fists|left_fist|right_fist,True,True,True,False,ELIGIBLE,eligible under primary rule,19,11,17,14,20,21,21,19,03-04|05-06|07-08|09-10|11-12|13-14,19,11,3,False,INSUFFICIENT_MOVEMENT_MI,17,14,3,False,INSUFFICIENT_MOVEMENT_MI,20,21,3,True,ELIGIBLE,21,19,3,True,ELIGIBLE,36,25,3,True,ELIGIBLE,41,40,3,True,ELIGIBLE,True,STRICT_CELL_EPOCHS|STRICT_CELL_FRACTION,21.0,0.9047619047619048,22.0,0.5,24.0,0.7083333333333334,23.0,0.6086956521739131,23.0,0.8695652173913043,22.0,0.9545454545454546,22.0,0.9545454545454546,23.0,0.8260869565217391
109,False,0,0,0,0,0,,,False,False,False,False,NO_EPOCHS,no retained epochs after preprocessing,0,0,0,0,0,0,0,0,,0,0,0,False,NO_EPOCHS,0,0,0,False,NO_EPOCHS,0,0,0,False,NO_EPOCHS,0,0,0,False,NO_EPOCHS,0,0,0,False,NO_EPOCHS,0,0,0,False,NO_EPOCHS,,NO_EPOCHS,,,,,,,,,,,,,,,,
