perm_id,statistic
0,0.5009262260685151
1,0.4902200211061043
2,0.5040732828262241
3,0.4992609398156679
4,0.5114810950514425
5,0.4917255577315382
6,0.5051495919025144
7,0.5005696567958925
8,0.4931973909037094
9,0.4985921039009718
10,0.5066716675155748
11,0.4969808654274008
12,0.5002015439642661
13,0.5061326807088401
14,0.5040679655527938
15,0.4930881192101753
16,0.4992528220041803
17,0.5046568120421999
18,0.5052442235144261
19,0.5049889469558778
20,0.4986026693127032
21,0.4865709860166488
22,0.5089136863991385
23,0.5003526846715143
24,0.5056977322918833
25,0.5002979587312035
26,0.4993654972449344
27,0.4966187601667888
28,0.5031876805159397
29,0.5067463920847031
30,0.496677583568862
31,0.4964417038642518
32,0.5000139801089185
33,0.5109345734904578
34,0.5062382267660571
35,0.5012452588569475
36,0.5012815081698709
37,0.5046426285015151
38,0.4991563279711231
39,0.5007180826308892
40,0.5056411034413376
41,0.4997339133517076
42,0.505466064804574
43,0.4946193106891191
44,0.5015127948191297
45,0.4977898534977437
46,0.5029908182302952
47,0.5026534760335687
48,0.503646679885274
49,0.5043802254970186
50,0.506044056687719
51,0.4997149217033192
52,0.4928006772448162
53,0.5038270747197092
54,0.5037394968539555
55,0.4935765052082199
56,0.4951934407488778
57,0.5044141138149089
58,0.4963805965262962
59,0.5015186435716297
60,0.5073061863771111
61,0.4878701682984059
62,0.5024221725885694
63,0.5034358116757133
64,0.5011378892179273
65,0.4896848610670702
66,0.4953539189376691
67,0.494900910577489
68,0.4960395880677788
69,0.4987382821870879
70,0.5004099609625826
71,0.4876222104134124
72,0.491194983476469
73,0.4989226446811476
74,0.5050749963356184
75,0.5074029274835287
76,0.4984089484581717
77,0.4955193403320245
78,0.4965348774050117
79,0.4996706047164015
80,0.4951042114836827
81,0.4991866156944122
82,0.497693587579308
83,0.5090417964785716
84,0.5065018647238154
85,0.4985607422513656
86,0.4992050241134897
87,0.4913228302917605
88,0.4993733553473772
89,0.5029819430721452
90,0.5022458539393807
91,0.5064103331857348
92,0.5042260106739328
93,0.5000730955391484
94,0.4999354091591215
95,0.5017719077079112
96,0.5023088917660999
97,0.4971146950532889
98,0.4986459874724852
99,0.4874769143618527
100,0.494124057404013
101,0.5029585530351246
102,0.4932345792375686
103,0.5174671317179219
104,0.5032307240700147
105,0.502124588862924
106,0.497190826685067
107,0.499011555493441
108,0.501871073702247
109,0.4997383130354128
110,0.4792309100618393
111,0.5039663536027481
112,0.4990013727121432
113,0.5159734125277537
114,0.4951456633162874
115,0.508884271310826
116,0.497914776831986
117,0.4960623681853606
118,0.4989827824354605
119,0.5097085839729902
120,0.4953440232609171
121,0.4986817848115116
122,0.4998677789127627
123,0.5019648051895077
124,0.4970611514120867
125,0.5057808634781624
126,0.5072392127374393
127,0.4935513411546767
128,0.5147176637970601
129,0.4954512673081798
130,0.498220638865643
131,0.4970077128515382
132,0.498414050079922
133,0.4918658185046825
134,0.4911753902076736
135,0.4977459979565106
136,0.4901103600816339
137,0.498022026391066
138,0.5048982514721029
139,0.5034694971527843
140,0.5055038114906377
141,0.5173455399771983
142,0.4954178060420734
143,0.5015049129260759
144,0.5079846346018767
145,0.4995316534657002
146,0.50953556304527
147,0.5046000252305686
148,0.5017916308267023
149,0.4938780249002225
150,0.4879835474729993
151,0.506286712469514
152,0.4912562893146155
153,0.4951837470223018
154,0.494455208677049
155,0.5021540916465489
156,0.5026118889429072
157,0.4945935389439015
158,0.5030867196781019
159,0.5006360688781033
160,0.4907933630406854
161,0.5019053202169887
162,0.5071987877926656
163,0.5040615222896405
164,0.502391082906767
165,0.5092029663263443
166,0.5008956976307734
167,0.4916486762369091
168,0.502197481880192
169,0.5032058192536706
170,0.5110050240176384
171,0.4912359515537286
172,0.512056657995978
173,0.496149912623832
174,0.5018294716671562
175,0.4911797350888567
176,0.4928055911688589
177,0.509725911233883
178,0.5010033219143936
179,0.4924766735313723
180,0.5019688485257687
181,0.4844982248420724
182,0.5003912856982147
183,0.4960901071359673
184,0.4976963001953985
185,0.4966045074136886
186,0.5008214994714467
187,0.4965633661466302
188,0.4910091226716743
189,0.4962040374251599
190,0.4891084494727029
191,0.4964084119482116
192,0.4955169618887
193,0.5036698840033305
194,0.4976997447341144
195,0.5086188305338286
196,0.4948762873318875
197,0.5007138604468435
198,0.4935893106179528
199,0.5064930590354201
200,0.4988006172145196
201,0.5000265666202236
202,0.4962999735396936
203,0.4996742081423658
204,0.4974418068751819
205,0.4948579494572053
206,0.4983056855429023
207,0.4990133878952906
208,0.4963280002555539
209,0.503299767396324
210,0.4958666025060364
211,0.5011511277863987
212,0.5057897574738439
213,0.5122227931352228
214,0.4993675433214005
215,0.5029834544312958
216,0.5092905811025678
217,0.5047463920012175
218,0.5027917900520911
219,0.4989681594393563
220,0.4982411402662247
221,0.5024306784803562
222,0.5004839462970522
223,0.4925806928924925
224,0.4967309231815153
225,0.4986747240910819
226,0.499247235389537
227,0.5064365678697579
228,0.5020506544077289
229,0.4917706697477783
230,0.4985071364560841
231,0.497200209507166
232,0.5036895747213327
233,0.4996511042537356
234,0.5087303975050494
235,0.5073539196949796
236,0.4923332899950237
237,0.4973545053340491
238,0.4943418790365334
239,0.5005072157423772
240,0.5012074110677502
241,0.5006839361730243
242,0.5077515527049294
243,0.5089350086596548
244,0.5112514010811067
245,0.5016775128276036
246,0.4970693399786448
247,0.5060304171342735
248,0.495023425912556
249,0.4988073733213808
250,0.5015479955965582
251,0.5067099658159221
252,0.5005785393568818
253,0.4921035735426577
254,0.498608860555237
255,0.5097053322762366
256,0.5000509839684335
257,0.5014362848649232
258,0.4992222869918863
259,0.494086487143957
260,0.513456022403944
261,0.4887076386752604
262,0.500489108434292
263,0.5044082142932231
264,0.4940632620894614
265,0.4974864877715718
266,0.5076721503043885
267,0.4993412407097087
268,0.5013771283188153
269,0.5068448916989993
270,0.504439792748475
271,0.4929255104592059
272,0.5019289049334215
273,0.5004550697117914
274,0.497931601054574
275,0.4930059109839777
276,0.5064892976384646
277,0.4964460706919118
278,0.4938747237688152
279,0.5039874956204733
280,0.5019507893220244
281,0.5000432680276591
282,0.4973590050699639
283,0.4986389419910204
284,0.5101439489473734
285,0.4952577647707447
286,0.5033548676975094
287,0.5031393896371392
288,0.5017926132198113
289,0.4956004650383654
290,0.4953601993859113
291,0.5023391169577462
292,0.4993698516889813
293,0.507885214793836
294,0.506066668310371
295,0.4903328656244693
296,0.4995301151817213
297,0.4862995496762454
298,0.4996920408222498
299,0.4917982690750975
300,0.4993773464799378
301,0.4989850275462077
302,0.4994730386659083
303,0.4912897261860346
304,0.5124231660670543
305,0.4945489376546148
306,0.5010846067408855
307,0.5065030998434006
308,0.5047496396147965
309,0.4961071200476016
310,0.5129200872785459
311,0.4927770200663073
312,0.500860132840241
313,0.4944454652747472
314,0.5007830364378139
315,0.4910369216510852
316,0.5040210595969963
317,0.503117952594835
318,0.4997947350155494
319,0.4878738117419531
320,0.4947107317541584
321,0.5066103815675802
322,0.5094296259050874
323,0.4956073414418354
324,0.5127626991304904
325,0.5028957615416799
326,0.5025022915776285
327,0.5090859534989636
328,0.4806597151058602
329,0.4907430963549007
330,0.5018104912494806
331,0.4995654947037524
332,0.5006847279865696
333,0.4957125372421356
334,0.5039135845388318
335,0.5064827790486505
336,0.5005091742343298
337,0.5012532410291233
338,0.5077288736461562
339,0.494508526583448
340,0.5059793197926163
341,0.4959922181558884
342,0.4850747472833482
343,0.4897002910333543
344,0.4963996090649258
345,0.4906487850624614
346,0.5030337765278307
347,0.4910088961865795
348,0.4982131349815425
349,0.5003147136640301
350,0.5143202275850589
351,0.5001859945220071
352,0.4954031458787783
353,0.4874442762310546
354,0.4975710636452204
355,0.5086154157927395
356,0.4968143961802473
357,0.4961557247148526
358,0.4912256623561895
359,0.5070849279264401
360,0.505256978143399
361,0.5064443818235053
362,0.4969908914682063
363,0.497688433679929
364,0.4929403081728871
365,0.5023909885999782
366,0.4967758225529985
367,0.503251644765232
368,0.5042878133076383
369,0.5000512973350391
370,0.5014004168596188
371,0.4843900395209401
372,0.494472483845179
373,0.488500645883212
374,0.4953371361835298
375,0.4967253095842202
376,0.5005905708280891
377,0.5009093585163347
378,0.5047112488008645
379,0.4990146953899285
380,0.5056042765010869
381,0.5017665999832763
382,0.4991030326116772
383,0.5006228238414967
384,0.4997511723708645
385,0.5034523400175983
386,0.4962527951367785
387,0.503087095334201
388,0.4941630689134709
389,0.5069740246457494
390,0.4995809360423069
391,0.501839886619144
392,0.4918183317948213
393,0.5080552389709447
394,0.4782794092740133
395,0.5037830816968688
396,0.4913464572306223
397,0.4991242117616828
398,0.4928878605827811
399,0.4974205097517786
400,0.4943598170353044
401,0.4973823385787955
402,0.5107404628820656
403,0.4968854891635101
404,0.5057581206171746
405,0.4970324120789758
406,0.4930722057582634
407,0.4945709611175368
408,0.5075946942469485
409,0.5010831201554535
410,0.506354837562702
411,0.4969762103678609
412,0.4995994300789663
413,0.4842683527379408
414,0.5058651367628828
415,0.4950777470428344
416,0.4965173982164287
417,0.505122501330758
418,0.4908217702328164
419,0.5009029488174473
420,0.5015735246695973
421,0.4925083232172036
422,0.5018473696566706
423,0.5036830222633435
424,0.4921919454089224
425,0.498225149469612
426,0.5057140405942951
427,0.5047020947886485
428,0.5051943626792127
429,0.5079443904100421
430,0.4925421487206158
431,0.4970324510900976
432,0.4966911564418693
433,0.4930636212365824
434,0.509139961809646
435,0.5123951716700557
436,0.4990940168601388
437,0.5006159461427784
438,0.5016012416174903
439,0.5039311306267739
440,0.500104559319122
441,0.4978836729248157
442,0.4934277254229156
443,0.501703825144027
444,0.5007740813518781
445,0.5050603288149095
446,0.4998213240637094
447,0.4956886302271519
448,0.5101183090806378
449,0.5042312074140277
450,0.4893784988171719
451,0.4948751456758394
452,0.4992503375527189
453,0.5041819145134472
454,0.509924333033381
455,0.4987251986175365
456,0.4963829506698228
457,0.4996305035311566
458,0.5028824700888548
459,0.5022168317190069
460,0.4986929313773946
461,0.4987251882870559
462,0.4960818035563457
463,0.5074671506690402
464,0.4987935490323552
465,0.5006095095436073
466,0.4987675868940109
467,0.5051088795439638
468,0.5055395059398997
469,0.5001161185688617
470,0.5010623664829171
471,0.5079988239242833
472,0.4890909346599766
473,0.4891335487124919
474,0.5103567718112866
475,0.4900539810128743
476,0.4959712769631023
477,0.5066298287130663
478,0.5025478592550504
479,0.5055867558802055
480,0.4997509671212563
481,0.5064671535679262
482,0.5088371606737604
483,0.5029272176946711
484,0.5034237089366627
485,0.4980116640651233
486,0.4950782899482986
487,0.4975570507868344
488,0.495342005397331
489,0.5102393180571522
490,0.5003086595426501
491,0.4971514551974672
492,0.4961276154323641
493,0.4984196460831445
494,0.503910372617866
495,0.4952278404357492
496,0.4895233699985702
497,0.4959171346781308
498,0.4970729355443621
499,0.5055947155488109
500,0.4935438471698191
501,0.497150503526615
502,0.4962558036119728
503,0.502489691826664
504,0.482603868324957
505,0.5024711250875218
506,0.4983047932212085
507,0.4995232859796332
508,0.4927501955129837
509,0.4958128518293341
510,0.5003672244430054
511,0.4966230050309143
512,0.4969416064970136
513,0.4939200451596903
514,0.5026412067152489
515,0.4969207549677014
516,0.5023715029063637
517,0.5047900533882625
518,0.5057387587019513
519,0.4937567287788214
520,0.4977850650583837
521,0.4988100629202063
522,0.5032738852766303
523,0.493001438941891
524,0.4992729115597868
525,0.4994412032007709
526,0.504749507540865
527,0.5019272642744182
528,0.5006803860196444
529,0.5068231534403995
530,0.4980316516361109
531,0.4964094025565584
532,0.4903875257842811
533,0.4970860551457634
534,0.5012043018777991
535,0.5156520132403075
536,0.5108274196797558
537,0.5053943752166735
538,0.4927332180278894
539,0.5057271643439866
540,0.5023038916936894
541,0.5104816095318359
542,0.493551482688735
543,0.4979162802101173
544,0.5003851213620414
545,0.4918093988555514
546,0.4939267907213527
547,0.5021085116170078
548,0.495791529233861
549,0.5027150309641858
550,0.5020731549042038
551,0.5064244603059197
552,0.5053557461995881
553,0.4963086991616047
554,0.498942964197241
555,0.5012339559712907
556,0.5017542920675073
557,0.5034178093060491
558,0.49979447650232
559,0.5043848103807366
560,0.4947005117675797
561,0.5013145271714514
562,0.5041952082005038
563,0.4928918737208956
564,0.5039622683666801
565,0.5018634389317442
566,0.4939550616112942
567,0.5008633796789902
568,0.5022336505972341
569,0.4964105635867898
570,0.4974008910322711
571,0.5040437461971593
572,0.502175701525269
573,0.5055681941233287
574,0.4952308165581081
575,0.4948886641049733
576,0.4966524034191402
577,0.4929703239397413
578,0.5010695583511239
579,0.4914459155220058
580,0.4939419996492624
581,0.5055252886811614
582,0.5028231267341977
583,0.5059870669662542
584,0.4923243689330569
585,0.4981589333430407
586,0.5052596018478778
587,0.5071725018353679
588,0.5163626710561043
589,0.4983511399920156
590,0.5030702402202331
591,0.5054994857992664
592,0.5036427188576726
593,0.5005380179010055
594,0.5055449108049972
595,0.5007584770804496
596,0.4971769546127752
597,0.5010492615182319
598,0.4992086483747837
599,0.500184534978067
600,0.507729149942703
601,0.5119804421525479
602,0.5006499552716286
603,0.5033119169004288
604,0.4976334230369953
605,0.5052206083404649
606,0.5049491731582306
607,0.4927248752091844
608,0.4956875970613656
609,0.4974042681830656
610,0.5057432280811385
611,0.4967812424134017
612,0.5094106417287427
613,0.503622334548158
614,0.4975286774166531
615,0.5043752856061896
616,0.5051499193936766
617,0.4999378031174286
618,0.4983516237496392
619,0.4922575912775619
620,0.5017448018987666
621,0.5035526487051891
622,0.5013597005497339
623,0.4992533727651232
624,0.4986676033085769
625,0.4834448068090732
626,0.4994114421049291
627,0.503471814664137
628,0.4863646984877542
629,0.5050741216963756
630,0.5006002118685511
631,0.4992872100388437
632,0.5056040236001144
633,0.5095288149407997
634,0.5006586582222985
635,0.5043528174296201
636,0.4992637863783585
637,0.5016131256388346
638,0.4898293338584403
639,0.4991057559583354
640,0.4994552493253841
641,0.4966348890325274
642,0.496447551534288
643,0.4923763019661891
644,0.5045220987058496
645,0.5089445075868394
646,0.5011310047978592
647,0.5017718513040125
648,0.5037822636716376
649,0.5007543798629536
650,0.5041994564909393
651,0.4965988205751473
652,0.4982820314585776
653,0.4911953469468541
654,0.5133840975158558
655,0.5006722739290114
656,0.4999526852905632
657,0.5000130614042206
658,0.4984026022463735
659,0.5097531926235805
660,0.5052686615568025
661,0.501031535790134
662,0.5038725723588646
663,0.4956611959495605
664,0.4991636702573405
665,0.5017283393230892
666,0.4957710679142774
667,0.5059418548479436
668,0.4917431937838173
669,0.5074677669363974
670,0.5022064254203882
671,0.4989294183486467
672,0.488829303651726
673,0.5000402885634724
674,0.5006119686396797
675,0.5026011020086244
676,0.4996811545704462
677,0.5071883169366707
678,0.498037362823806
679,0.5102594367025762
680,0.5009928189528505
681,0.4916302791176044
682,0.4942106522570789
683,0.4949890979202147
684,0.4991608136496894
685,0.5008295149125854
686,0.4995193941547124
687,0.49947139975762
688,0.494785426920266
689,0.4913755328542082
690,0.4977331880891875
691,0.4863355046940839
692,0.4893462625730513
693,0.5110847121468827
694,0.494633755613121
695,0.5141592536376546
696,0.5090685339919936
697,0.5071671395700819
698,0.5042048819815248
699,0.4981260379936809
700,0.5004391104242141
701,0.5116355792355908
702,0.5038389571692252
703,0.50607328225166
704,0.5049520261027349
705,0.4959362463917684
706,0.5022927534966357
707,0.4997299654655734
708,0.5000004835095069
709,0.5038009278690548
710,0.5122399705040733
711,0.5039166424844885
712,0.5049938969497494
713,0.4936655053586243
714,0.5043497453282333
715,0.4990914983313753
716,0.496291486576847
717,0.4910322880095744
718,0.5035720337650943
719,0.5041511180380059
720,0.5078428957039139
721,0.5121364656403393
722,0.4946364301794523
723,0.4901955352370896
724,0.5055707858058425
725,0.4992896487791903
726,0.502742888436433
727,0.5127103997124816
728,0.503715372045327
729,0.5035345717044404
730,0.4953941786052316
731,0.5041419443060218
732,0.4985553956678666
733,0.4947993943690332
734,0.4986803569734566
735,0.5039514785548334
736,0.5115833998773863
737,0.4955631666801533
738,0.4969485669999537
739,0.5052928527395627
740,0.4923709868787312
741,0.5090523720167011
742,0.5047752679825336
743,0.5008236754876484
744,0.5049896588017846
745,0.49958489463123
746,0.496470459133474
747,0.5108350502461793
748,0.5068458451014096
749,0.485310386132734
750,0.4948028840132607
751,0.5094835479290143
752,0.4957219122464167
753,0.4979760679192438
754,0.5065533825232886
755,0.5033785376307824
756,0.5088197478539052
757,0.5079191976999686
758,0.5043539430881945
759,0.5018664541707117
760,0.4973001192437939
761,0.5098226805964505
762,0.4930042186425808
763,0.5025262718928296
764,0.5032573216876738
765,0.4973886502498019
766,0.5025761548468745
767,0.5012834440783841
768,0.5004920112917903
769,0.5101601525083228
770,0.5038387917443036
771,0.5017572495583098
772,0.5093644044126115
773,0.5073781902335747
774,0.4915374152148652
775,0.5001887057786496
776,0.5032125343857377
777,0.5042837657039233
778,0.4929961950389095
779,0.4988818418565498
780,0.4988690786984985
781,0.4904378732904677
782,0.495027895542928
783,0.4981921027863541
784,0.4977351824450467
785,0.4972668886150472
786,0.4992772454040665
787,0.5012226306272034
788,0.5089926458962472
789,0.500734581989717
790,0.5034178293402571
791,0.49840407539596
792,0.5076119578740933
793,0.5139135436557107
794,0.4902097469983186
795,0.5067586498000389
796,0.5015270664952243
797,0.5027021473176586
798,0.5036011760843714
799,0.4909532836562096
800,0.4942859533702682
801,0.4955326457472406
802,0.4999111731944199
803,0.5084418361732426
804,0.5016474531117874
805,0.4957728734973293
806,0.4972920037145165
807,0.5026536022996234
808,0.5031758848555664
809,0.4971949096718424
810,0.4887215059807335
811,0.4874147595004496
812,0.4962932651187394
813,0.5080274432560178
814,0.4936498641929484
815,0.5086625359941592
816,0.5032853257771007
817,0.497548760888605
818,0.4988737569968837
819,0.4993138011636288
820,0.5004109897425112
821,0.5018547095530455
822,0.5027355327054219
823,0.4970144410345052
824,0.4954479445063278
825,0.5078864841322657
826,0.4929562313636668
827,0.4993827473463637
828,0.4934864560760769
829,0.4998320810942883
830,0.5079943632469133
831,0.4957750594551017
832,0.4918696564933543
833,0.5065958210560394
834,0.5004073951566107
835,0.502803805680832
836,0.4923154135026129
837,0.5019434287772077
838,0.4971617765001596
839,0.5007313877904223
840,0.501867967051081
841,0.4916496655643732
842,0.50085894328764
843,0.4908088712600849
844,0.4967315130252591
845,0.5061132919973474
846,0.4884977915530248
847,0.4937277851054527
848,0.4975464996953434
849,0.5007821673954814
850,0.5032779458442822
851,0.5022389783751011
852,0.4971232747028585
853,0.4943678142467581
854,0.5021991949112932
855,0.5100775435994265
856,0.5042664116751655
857,0.5010847244174055
858,0.4975795311406268
859,0.4984334369315403
860,0.5119024888983912
861,0.5022534679341395
862,0.5028827167704742
863,0.49898027037551
864,0.5003264319034849
865,0.5048585993470635
866,0.505227608193067
867,0.5006983012326645
868,0.5015060687627508
869,0.5043044353916989
870,0.5009866444811562
871,0.5053468495054214
872,0.4916536212542645
873,0.5044969443877073
874,0.4971621553966291
875,0.4950387085820132
876,0.5019836685331308
877,0.4903298690631534
878,0.506317910553564
879,0.5012917110371076
880,0.5018846940934057
881,0.4996158028240923
882,0.5015897185374438
883,0.5004502724857266
884,0.4978631412584312
885,0.5126568794836559
886,0.5066175579677771
887,0.4975491509128513
888,0.5084698673765524
889,0.4933565957101584
890,0.4990659496612549
891,0.4956624182291794
892,0.4877720416153225
893,0.5039728863522047
894,0.4850927203231646
895,0.5037340611787823
896,0.4987033704208832
897,0.4948090961852722
898,0.4991672693267983
899,0.4939945048836242
900,0.4972969380844651
901,0.4907565705975316
902,0.5036934249201869
903,0.4957685551839056
904,0.5128975220534794
905,0.5021594739445704
906,0.5017934616572882
907,0.5087960885769729
908,0.4999675577559405
909,0.4934218286399215
910,0.5038988508896911
911,0.5041234292375602
912,0.5091937099845391
913,0.4974214107822809
914,0.5066162926449173
915,0.5008885492478495
916,0.5051806769683395
917,0.5078642600661084
918,0.4922081031832319
919,0.5035569127406004
920,0.5092057617775188
921,0.5077995514225934
922,0.4903656800414556
923,0.4987588615411667
924,0.507042108455547
925,0.497581606761436
926,0.4981775509366892
927,0.4985966716738109
928,0.4971881728294099
929,0.4987235132670466
930,0.4917124932431817
931,0.4991093466745661
932,0.4924676722452384
933,0.5006908393530504
934,0.497052293815949
935,0.5110434227899843
936,0.5046038906528941
937,0.5016366510649302
938,0.4978967863818204
939,0.5071429760794137
940,0.5022064191763802
941,0.4910350200096904
942,0.5087810901630735
943,0.5075736285073904
944,0.5021461967157403
945,0.5052510146162931
946,0.5021891394453879
947,0.4980288456765234
948,0.5010580343048068
949,0.5165875223012396
950,0.4967852547893541
951,0.5038398424386519
952,0.50379782575958
953,0.5050134408273926
954,0.4832824194265775
955,0.496765710920128
956,0.4975969968992981
957,0.5146238215641158
958,0.4970410502804495
959,0.4970351162694811
960,0.5002777594192305
961,0.505486986583935
962,0.493015115237838
963,0.5024233650316624
964,0.5034131262776097
965,0.4936703080102252
966,0.5040987715766055
967,0.5020425030855856
968,0.5026289026798949
969,0.5028103447830573
970,0.4941452710712588
971,0.5047076244595502
972,0.501849720231111
973,0.50131789767638
974,0.4993303546248882
975,0.5088519490723749
976,0.4999480064185974
977,0.4958602060101134
978,0.4987540273589685
979,0.4875557119916947
980,0.5030290825351437
981,0.4938267196591385
982,0.5104030617153077
983,0.5033868479290571
984,0.5001826310723897
985,0.4933416394956518
986,0.4926805959957296
987,0.5040101854058107
988,0.5039699368062798
989,0.5003514945640545
990,0.4982685487517744
991,0.504224436784508
992,0.4938798066493718
993,0.5010040290469044
994,0.5037582002116754
995,0.5008721401323217
996,0.501654010952889
997,0.5073723178667734
998,0.5009494158662782
999,0.4970851295859579
