experiment,model,balanced_accuracy,macro_f1,accuracy,mcc,sensitivity,specificity,roc_auc,average_precision,subject,n_epochs
E05_150uv,erd_lr,0.5539950062421972,0.5410256410256411,0.553072625698324,0.11438017153911206,0.3888888888888889,0.7191011235955056,0.596629213483146,0.6351040723622354,1,179
E05_150uv,erd_lr,0.5917763157894737,0.5880508334708698,0.5897435897435898,0.18570311234067768,0.6710526315789473,0.5125,0.6723684210526315,0.6655119860332599,2,156
E05_150uv,erd_lr,0.5801495016611296,0.5659990651181187,0.5823529411764706,0.17301701900172664,0.39285714285714285,0.7674418604651163,0.6079734219269102,0.6469738767846307,3,170
E05_150uv,erd_lr,0.7303370786516854,0.7291058972733038,0.7303370786516854,0.464919548359946,0.797752808988764,0.6629213483146067,0.7969953288726171,0.769753606653153,4,178
E05_150uv,erd_lr,0.7256554307116105,0.7227963717960874,0.7262569832402235,0.4624127226700716,0.8333333333333334,0.6179775280898876,0.8242197253433209,0.8296686723116796,5,179
E05_150uv,erd_lr,0.6443236714975845,0.6439393939393939,0.6453900709219859,0.29022898411146064,0.6944444444444444,0.5942028985507246,0.7087359098228664,0.702821564333979,6,141
E05_150uv,erd_lr,0.5753211629479378,0.5752224364829663,0.5755813953488372,0.15079533997889433,0.5977011494252874,0.5529411764705883,0.6064908722109534,0.6293538524877031,7,172
E05_150uv,erd_lr,0.5874735729386893,0.5817307692307692,0.5862068965517241,0.17926274172019466,0.6976744186046512,0.4772727272727273,0.6224894291754757,0.6331622373738532,8,174
E05_150uv,erd_lr,0.6080246913580247,0.6037426260889949,0.6086956521739131,0.22133863135822104,0.5,0.7160493827160493,0.6578703703703703,0.7032009615310815,10,161
E05_150uv,erd_lr,0.5813358302122347,0.5796938104630411,0.5810055865921788,0.1638002695215336,0.5222222222222223,0.6404494382022472,0.5883895131086143,0.5513538192486898,11,179
E05_150uv,erd_lr,0.5920724094881398,0.5919750195160032,0.5921787709497207,0.18428291034849972,0.6111111111111112,0.5730337078651685,0.6146067415730337,0.5769862712958936,12,179
E05_150uv,erd_lr,0.6535580524344569,0.6535339660339661,0.6536312849162011,0.3072311942883065,0.6404494382022472,0.6666666666666666,0.7071161048689139,0.6568877042956263,14,179
E05_150uv,erd_lr,0.6133333333333333,0.6086956521739131,0.6086956521739131,0.22666666666666666,0.6666666666666666,0.56,0.7068783068783068,0.738356944980664,15,138
E05_150uv,erd_lr,0.5908863920099875,0.5684182712950424,0.5921787709497207,0.20515818601037594,0.8222222222222222,0.3595505617977528,0.6394506866416979,0.6466582672052371,16,179
E05_150uv,erd_lr,0.7166666666666666,0.711093627065303,0.7166666666666667,0.4510856469336674,0.5777777777777777,0.8555555555555555,0.7850617283950617,0.7479052198610776,18,180
E05_150uv,erd_lr,0.61268603827073,0.6124223602484472,0.6130952380952381,0.22593320297846542,0.6470588235294118,0.5783132530120482,0.6249468462083628,0.6049725669012189,19,168
E05_150uv,erd_lr,0.5222222222222223,0.5200892857142857,0.5222222222222223,0.0448448529330875,0.5888888888888889,0.45555555555555555,0.54320987654321,0.575778894237571,20,180
E05_150uv,erd_lr,0.6408974358974359,0.6137901073667226,0.6141732283464567,0.28577960036512995,0.49333333333333335,0.7884615384615384,0.6848717948717948,0.7476719379635843,21,127
E05_150uv,erd_lr,0.5547619047619048,0.5303977272727273,0.5632183908045977,0.12591324733381254,0.8,0.30952380952380953,0.5724867724867724,0.6347553754154509,23,87
E05_150uv,erd_lr,0.6833333333333333,0.6780772489096671,0.6833333333333333,0.37926024108985656,0.8111111111111111,0.5555555555555556,0.7453086419753087,0.7552359756102102,25,180
E05_150uv,erd_lr,0.7611111111111111,0.760926640926641,0.7611111111111111,0.5230299910301778,0.7333333333333333,0.7888888888888889,0.8079012345679013,0.7611798541621727,26,180
E05_150uv,erd_lr,0.5946589106292967,0.5953618552578969,0.6413043478260869,0.1908889504490391,0.45161290322580644,0.7377049180327869,0.6430460074034903,0.4678750625144417,27,92
E05_150uv,erd_lr,0.6136501210653753,0.5964912280701754,0.6086956521739131,0.24499381564584333,0.8035714285714286,0.423728813559322,0.715496368038741,0.7322201613966438,28,115
E05_150uv,erd_lr,0.6015394912985275,0.5742516069788797,0.6127167630057804,0.24505670927395914,0.8777777777777778,0.3253012048192771,0.7182061579651942,0.7322230432837048,29,173
E05_150uv,erd_lr,0.5722222222222222,0.5715742944576674,0.5722222222222222,0.14488333658404012,0.5333333333333333,0.6111111111111112,0.5958024691358025,0.5526369542844451,30,180
E05_150uv,erd_lr,0.6045709908069459,0.6045071501532175,0.6045197740112994,0.20916869025094767,0.6136363636363636,0.5955056179775281,0.6631767109295199,0.6812923583697874,31,177
E05_150uv,erd_lr,0.6059754851889684,0.5771908271908273,0.6045197740112994,0.24710704181053292,0.8636363636363636,0.34831460674157305,0.7604698672114403,0.7518392694392513,33,177
E05_150uv,erd_lr,0.5777777777777777,0.5744151319064211,0.5777777777777777,0.15807356326200073,0.6666666666666666,0.4888888888888889,0.6030864197530864,0.6231759060414332,34,180
E05_150uv,erd_lr,0.5299457994579946,0.5290538484940674,0.5290697674418605,0.059863215231214933,0.5487804878048781,0.5111111111111111,0.5558265582655826,0.5635278942554325,35,172
E05_150uv,erd_lr,0.5789473684210527,0.5710405703615684,0.5714285714285714,0.156812512046795,0.631578947368421,0.5263157894736842,0.593028624192059,0.5071070163710145,36,133
E05_150uv,erd_lr,0.7933333333333333,0.7922159167076277,0.7933333333333333,0.5930802526189113,0.8666666666666667,0.72,0.896,0.9007381040301599,37,150
E05_150uv,erd_lr,0.7141600108298363,0.7143341355116428,0.7151162790697675,0.4291049437952978,0.6867469879518072,0.7415730337078652,0.7647218085826452,0.7744277133338732,38,172
E05_150uv,erd_lr,0.5897654584221748,0.5885885885885886,0.5912408759124088,0.18123929450794615,0.5223880597014925,0.6571428571428571,0.6236673773987207,0.5817110432169392,39,137
E05_150uv,erd_lr,0.5838235294117647,0.5347937521156729,0.5608108108108109,0.2007194685259462,0.3,0.8676470588235294,0.6056985294117647,0.6587887690445544,40,148
E05_150uv,erd_lr,0.6833333333333333,0.6797652860576173,0.6833333333333333,0.37512112012201754,0.7888888888888889,0.5777777777777777,0.7414814814814813,0.7411916043171132,41,180
E05_150uv,erd_lr,0.5722222222222222,0.5683722089003769,0.5722222222222222,0.14709233202854316,0.6666666666666666,0.4777777777777778,0.6409876543209876,0.6657315915426982,42,180
E05_150uv,erd_lr,0.696969696969697,0.6847384762359685,0.696969696969697,0.42859730770726157,0.8939393939393939,0.5,0.8073921028466482,0.7603294137776351,43,132
E05_150uv,erd_lr,0.640650406504065,0.6267361111111112,0.6511627906976745,0.31742050618085915,0.8666666666666667,0.4146341463414634,0.6856368563685636,0.7317603436445649,45,86
E05_150uv,erd_lr,0.6204665054757503,0.6201414061658831,0.625,0.2439174095966709,0.5443037974683544,0.6966292134831461,0.647845256720239,0.6608215838340106,46,168
E05_150uv,erd_lr,0.6147058823529412,0.6077267932489452,0.6114285714285714,0.23523398077025176,0.5,0.7294117647058823,0.6942483660130719,0.7286112598443271,47,175
E05_150uv,erd_lr,0.532051282051282,0.5297452432413281,0.5297619047619048,0.06405240024149453,0.5,0.5641025641025641,0.5783475783475784,0.6528785765850255,50,168
E05_150uv,erd_lr,0.6666666666666666,0.6584008097165992,0.6666666666666666,0.3507392801587167,0.8222222222222222,0.5111111111111111,0.7525925925925926,0.7612864827866961,51,180
E05_150uv,erd_lr,0.6609336609336609,0.6615075065779291,0.6666666666666666,0.32487455618764693,0.7272727272727273,0.5945945945945946,0.7291154791154791,0.8067806150892219,52,81
E05_150uv,erd_lr,0.5901247401247401,0.5601501743094663,0.5755395683453237,0.20017703662988648,0.36486486486486486,0.8153846153846154,0.5970893970893971,0.6339077147006897,53,139
E05_150uv,erd_lr,0.7,0.699666295884316,0.7,0.4008918628686366,0.7333333333333333,0.6666666666666666,0.7711111111111112,0.7937214075410634,55,180
E05_150uv,erd_lr,0.7941084544460072,0.7936774647336955,0.79375,0.5889075477454802,0.8227848101265823,0.7654320987654321,0.8751367401156431,0.8610087785950501,57,160
E05_150uv,erd_lr,0.5145979020979021,0.48648881239242686,0.49019607843137253,0.03046885247579557,0.3522727272727273,0.676923076923077,0.5092657342657343,0.5872861384741761,58,153
E05_150uv,erd_lr,0.633682514101531,0.6323812580231065,0.6329113924050633,0.266592791271212,0.6235294117647059,0.6438356164383562,0.68058017727639,0.6711665968329458,59,158
E05_150uv,erd_lr,0.6839544513457557,0.6821205821205821,0.6834532374100719,0.3713852845137198,0.6142857142857143,0.7536231884057971,0.7534161490683229,0.7706079390426335,60,139
E05_150uv,erd_lr,0.649780701754386,0.618792808219178,0.6204379562043796,0.30949430073810497,0.475,0.8245614035087719,0.7679824561403509,0.8257657715890551,61,137
E05_150uv,erd_lr,0.5851391118245051,0.5834670947030498,0.5838150289017341,0.1708505120932317,0.5393258426966292,0.6309523809523809,0.6254681647940075,0.6311500968593831,62,173
E05_150uv,erd_lr,0.5426847218133647,0.5380194518125552,0.5393939393939394,0.08628879408990014,0.46511627906976744,0.620253164556962,0.5731527818663527,0.6264257525173905,63,165
E05_150uv,erd_lr,0.6429463171036205,0.6399295951722404,0.6424581005586593,0.29027438586737164,0.7303370786516854,0.5555555555555556,0.7451935081148563,0.7884088296059256,64,179
E05_150uv,erd_lr,0.6294117647058823,0.6292963206534907,0.6294117647058823,0.2589848851414061,0.611764705882353,0.6470588235294118,0.657993079584775,0.6600031072183316,65,170
E05_150uv,erd_lr,0.5903409090909091,0.577343300747556,0.5833333333333334,0.18832729944745588,0.4431818181818182,0.7375,0.6619318181818182,0.6561543697290821,66,168
E05_150uv,erd_lr,0.5388888888888889,0.5185459701588734,0.5388888888888889,0.08532145338985629,0.3333333333333333,0.7444444444444445,0.48271604938271606,0.5762264841399555,67,180
E05_150uv,erd_lr,0.6326219512195121,0.6014652014652014,0.6235294117647059,0.30730104785971596,0.8902439024390244,0.375,0.7156319290465633,0.6589650650530977,68,170
E05_150uv,erd_lr,0.5798377028714108,0.5612314932836553,0.5810055865921788,0.1758533937776855,0.7888888888888889,0.3707865168539326,0.650561797752809,0.6468072379935209,69,179
E05_150uv,erd_lr,0.5111111111111111,0.5061728395061729,0.5111111111111111,0.022680460581325723,0.4111111111111111,0.6111111111111112,0.48790123456790124,0.48335653571162085,70,180
E05_150uv,erd_lr,0.6050156739811913,0.5993829003682691,0.6057142857142858,0.21667053979243162,0.4827586206896552,0.7272727272727273,0.6414576802507838,0.6264536361988418,71,175
E05_150uv,erd_lr,0.6,0.585200358468826,0.6,0.2160069123317937,0.7888888888888889,0.4111111111111111,0.6332098765432099,0.6028648286472865,72,180
E05_150uv,erd_lr,0.5357723577235772,0.5147569444444444,0.5465116279069767,0.08073122700553644,0.7666666666666667,0.3048780487804878,0.5613821138211382,0.6023253543782465,73,172
E05_150uv,erd_lr,0.5944444444444444,0.592317954764047,0.5944444444444444,0.19089077732167506,0.6666666666666666,0.5222222222222223,0.6372839506172839,0.6186482417473909,74,180
E05_150uv,erd_lr,0.651673360107095,0.6517713365539453,0.653179190751445,0.3042440770009559,0.6144578313253012,0.6888888888888889,0.6963855421686748,0.6201433818325515,76,173
E05_150uv,erd_lr,0.630030487804878,0.6294036907122159,0.6296296296296297,0.2605380062318851,0.5975609756097561,0.6625,0.6236280487804878,0.6072014202002014,78,162
E05_150uv,erd_lr,0.6733333333333333,0.6647324306898775,0.675,0.33734954246999327,0.68,0.6666666666666666,0.7466666666666667,0.8071966582510208,79,80
E05_150uv,erd_lr,0.6124025513819986,0.6114293847631925,0.6130952380952381,0.22639919967002456,0.5542168674698795,0.6705882352941176,0.6600992204110561,0.6418429600882778,80,168
E05_150uv,erd_lr,0.8555555555555556,0.8546764377096013,0.8555555555555555,0.719874033065356,0.9333333333333333,0.7777777777777778,0.9616049382716049,0.9649250717145083,81,180
E05_150uv,erd_lr,0.6186878470876921,0.6178253119429591,0.6193181818181818,0.23890791505356793,0.5632183908045977,0.6741573033707865,0.6807438977140644,0.6849620872717448,82,176
E05_150uv,erd_lr,0.7355661881977671,0.7233201581027668,0.7321428571428571,0.5081387769831349,0.9272727272727272,0.543859649122807,0.8516746411483254,0.8285690619112034,83,112
E05_150uv,erd_lr,0.5945945945945945,0.5902556983565448,0.5933333333333334,0.1925568847338574,0.5,0.6891891891891891,0.6177098150782361,0.6201038371750771,84,150
E05_150uv,erd_lr,0.6524709302325582,0.6499056499056499,0.6566265060240963,0.31399474345033546,0.7674418604651163,0.5375,0.7007267441860464,0.697754993823877,85,166
E05_150uv,erd_lr,0.5413436692506459,0.4663167104111986,0.4672131147540984,0.0798371548257747,0.7222222222222222,0.36046511627906974,0.5972222222222222,0.37227504488949115,86,122
E05_150uv,erd_lr,0.6312997347480106,0.6248010610079575,0.6260162601626016,0.2660805828688175,0.5384615384615384,0.7241379310344828,0.7180371352785146,0.7220102604300418,87,123
E05_150uv,erd_lr,0.4718205413422321,0.4056170212765957,0.46111111111111114,-0.07366444060126429,0.15053763440860216,0.7931034482758621,0.48176986775429487,0.5142626211905534,88,180
E05_150uv,erd_lr,0.7016609392898052,0.7000845653631937,0.7058823529411765,0.4152414837886627,0.8144329896907216,0.5888888888888889,0.7934707903780068,0.7889092480828339,89,187
E05_150uv,erd_lr,0.5681818181818181,0.5638261787208382,0.5644171779141104,0.13729985357325603,0.5,0.6363636363636364,0.5854726668680157,0.6312099414432895,90,163
E05_150uv,erd_lr,0.69,0.6914285714285715,0.7,0.3873318654925954,0.6,0.78,0.7500000000000001,0.6847179909750177,91,90
E05_150uv,erd_lr,0.512987012987013,0.4348429114153048,0.4621212121212121,0.03219781281246751,0.2077922077922078,0.8181818181818182,0.5515938606847698,0.629791631660434,92,132
E05_150uv,erd_lr,0.5540787623066105,0.5506611095142282,0.5621301775147929,0.11160106320600272,0.43037974683544306,0.6777777777777778,0.5641350210970464,0.5103517348417207,93,169
E05_150uv,erd_lr,0.7215399149740198,0.7215399149740198,0.7251908396946565,0.4430798299480397,0.7534246575342466,0.6896551724137931,0.8082191780821918,0.8467707692554006,94,131
E05_150uv,erd_lr,0.5970394736842105,0.592527413022878,0.5930232558139535,0.19297127209199494,0.5625,0.631578947368421,0.6578947368421052,0.6968130844501901,95,86
E05_150uv,erd_lr,0.724633431085044,0.7166238532110092,0.717948717948718,0.4573867999354484,0.6129032258064516,0.8363636363636363,0.7809384164222873,0.7865095261971523,96,117
E05_150uv,erd_lr,0.6479328165374677,0.6135638187621771,0.6265822784810127,0.33107535052253,0.4069767441860465,0.8888888888888888,0.7128552971576226,0.7649265109437198,97,158
E05_150uv,erd_lr,0.5555555555555556,0.5510662177328844,0.5555555555555556,0.11340230290662862,0.45555555555555555,0.6555555555555556,0.5808641975308643,0.5733414668669607,98,180
E05_150uv,erd_lr,0.6115384615384616,0.5999697519661222,0.6,0.22362807134889973,0.5230769230769231,0.7,0.7043076923076924,0.7372255069322475,100,115
E05_150uv,erd_lr,0.6123595505617978,0.5948540326571004,0.6123595505617978,0.2470831055537004,0.4044943820224719,0.8202247191011236,0.6635525817447292,0.6604211635093071,101,178
E05_150uv,erd_lr,0.5833333333333333,0.5705970291675944,0.5833333333333334,0.1775303331556689,0.7555555555555555,0.4111111111111111,0.654320987654321,0.6818888318990624,102,180
E05_150uv,erd_lr,0.5474098057354302,0.5441176470588236,0.5483870967741935,0.09643903880935327,0.45652173913043476,0.6382978723404256,0.5823311748381129,0.5557165716926544,103,93
E05_150uv,erd_lr,0.5742606224977399,0.573519433943976,0.5738636363636364,0.148858061028835,0.5393258426966292,0.6091954022988506,0.5886607258168669,0.6315051743723115,104,176
E05_150uv,erd_lr,0.6216953073364178,0.6202599106300988,0.6242038216560509,0.24179772704573232,0.6029411764705882,0.6404494382022472,0.6901850627891606,0.5984083997212175,105,157
E05_150uv,erd_lr,0.42820512820512824,0.42147462853938883,0.4253731343283582,-0.14630621337514937,0.3333333333333333,0.5230769230769231,0.42653288740245254,0.4856544645925779,106,134
E05_150uv,erd_lr,0.43106004447739066,0.39930626402774944,0.4609375,-0.16176848995164472,0.15789473684210525,0.704225352112676,0.4697306646898938,0.3990015040951391,107,128
E05_150uv,erd_lr,0.7123376623376624,0.7039242045963767,0.704,0.42324857837081914,0.6428571428571429,0.7818181818181819,0.788051948051948,0.8361529285009259,108,125
